ID	CHROM	POS	7843_REF_VAR	7843_ALT_VAR	7843_gt	7843_ad	7843_af	7843_dp	7843_ref	7843_alt	7843_gq	7843_pl
chr1_97544543	chr1	97544543	G	<NON_REF>	0/0	77,0	0.0	77	77	0	99	0,120,1800
chr1_97544549	chr1	97544549	C	<NON_REF>	0/0	73,0	0.0	73	73	0	99	0,120,1800
chr1_97544561	chr1	97544561	C	<NON_REF>	0/0	75,0	0.0	75	75	0	99	0,120,1800
chr1_97544627	chr1	97544627	C	<NON_REF>	0/0	57,0	0.0	57	57	0	99	0,120,1800
chr1_97544632	chr1	97544632	A	<NON_REF>	0/0	55,0	0.0	55	55	0	99	0,120,1800
chr1_97544633	chr1	97544633	G	<NON_REF>	0/0	55,0	0.0	55	55	0	99	0,120,1800
chr1_97544662	chr1	97544662	G	<NON_REF>	0/0	43,0	0.0	43	43	0	99	0,108,1620
chr1_97544677	chr1	97544677	T	<NON_REF>	0/0	39,0	0.0	39	39	0	93	0,93,1395
chr1_97544689	chr1	97544689	T	<NON_REF>	0/0	32,0	0.0	32	32	0	78	0,78,1170
chr1_97544695	chr1	97544695	T	<NON_REF>	0/0	28,0	0.0	28	28	0	69	0,69,1035
chr1_97547921	chr1	97547921	T	<NON_REF>	0/0	112,0	0.0	112	112	0	99	0,120,1800
chr1_97547947	chr1	97547947	T	<NON_REF>	0/0	121,0	0.0	121	121	0	99	0,120,1800
chr1_97564133	chr1	97564133	T	<NON_REF>	0/0	74,0	0.0	74	74	0	99	0,120,1800
chr1_97564154	chr1	97564154	C	<NON_REF>	0/0	78,0	0.0	78	78	0	99	0,120,1800
chr1_97564155	chr1	97564155	G	<NON_REF>	0/0	78,0	0.0	78	78	0	99	0,120,1800
chr1_97564172	chr1	97564172	C	<NON_REF>	0/0	83,0	0.0	83	83	0	99	0,120,1800
chr1_97564188	chr1	97564188	T	<NON_REF>	0/0	75,0	0.0	75	75	0	99	0,120,1800
chr1_97658665	chr1	97658665	T	<NON_REF>	0/0	90,0	0.0	90	90	0	99	0,120,1800
chr1_97658765	chr1	97658765	C	<NON_REF>	0/0	69,0	0.0	69	69	0	99	0,120,1800
chr1_97700514	chr1	97700514	G	<NON_REF>	0/0	69,0	0.0	69	69	0	99	0,120,1800
chr1_97700547	chr1	97700547	G	<NON_REF>	0/0	51,0	0.0	51	51	0	99	0,120,1800
chr1_97700589	chr1	97700589	C	T	0/1	20,16,0	0.4444444320987658	36	20	16	99	529,0,749,589,797,1386
chr1_97770835	chr1	97770835	G	<NON_REF>	0/0	159,0	0.0	159	159	0	99	0,120,1800
chr1_97770919	chr1	97770919	A	<NON_REF>	0/0	97,0	0.0	97	97	0	99	0,120,1800
chr1_97770920	chr1	97770920	C	<NON_REF>	0/0	95,0	0.0	95	95	0	99	0,120,1800
chr1_97770928	chr1	97770928	G	<NON_REF>	0/0	95,0	0.0	95	95	0	99	0,120,1800
chr1_97771751	chr1	97771751	C	<NON_REF>	0/0	118,0	0.0	118	118	0	99	0,120,1800
chr1_97771852	chr1	97771852	T	<NON_REF>	0/0	70,0	0.0	70	70	0	99	0,120,1800
chr1_97839154	chr1	97839154	C	<NON_REF>	0/0	70,1	0.014084506843880188	71	70	1	99	0,120,1800
chr1_97839185	chr1	97839185	C	<NON_REF>	0/0	57,1	0.017241379013079674	58	57	1	99	0,120,1800
chr1_97847874	chr1	97847874	T	<NON_REF>	0/0	20,0	0.0	20	20	0	57	0,57,855
chr1_97848017	chr1	97848017	T	<NON_REF>	0/0	87,0	0.0	87	87	0	99	0,120,1800
chr1_97915614	chr1	97915614	C	<NON_REF>	0/0	70,0	0.0	70	70	0	99	0,120,1800
chr1_97915615	chr1	97915615	G	<NON_REF>	0/0	72,1	0.013698629949333838	73	72	1	99	0,120,1800
chr1_97915622	chr1	97915622	G	<NON_REF>	0/0	70,0	0.0	70	70	0	99	0,120,1800
chr1_97915624	chr1	97915624	A	<NON_REF>	0/0	72,0	0.0	72	72	0	99	0,120,1800
chr1_97915724	chr1	97915724	A	<NON_REF>	0/0	72,0	0.0	72	72	0	99	0,120,1800
chr1_97915743	chr1	97915743	C	<NON_REF>	0/0	77,0	0.0	77	77	0	99	0,120,1800
chr1_97915745	chr1	97915745	C	<NON_REF>	0/0	78,0	0.0	78	78	0	99	0,120,1800
chr1_97915746	chr1	97915746	G	<NON_REF>	0/0	75,0	0.0	75	75	0	99	0,120,1800
chr1_97981242	chr1	97981242	T	C	1/1	0,5,0	0.99999980000004	5	0	5	15	225,15,0,225,15,225
chr1_97981243	chr1	97981243	G	A	1/1	0,5,0	0.99999980000004	5	0	5	15	225,15,0,225,15,225
chr1_97981340	chr1	97981340	C	<NON_REF>	0/0	37,0	0.0	37	37	0	99	0,111,1409
chr1_97981343	chr1	97981343	A	<NON_REF>	0/0	37,0	0.0	37	37	0	99	0,105,1575
chr1_97981395	chr1	97981395	T	C	0/1	34,21,0	0.3818181748760332	55	34	21	99	646,0,996,749,1059,1808
chr1_97981407	chr1	97981407	C	<NON_REF>	0/0	56,0	0.0	56	56	0	99	0,120,1800
chr1_97981421	chr1	97981421	C	<NON_REF>	0/0	59,0	0.0	59	59	0	99	0,120,1800
chr1_97981445	chr1	97981445	G	<NON_REF>	0/0	60,0	0.0	60	60	0	99	0,120,1800
chr1_97981479	chr1	97981479	C	<NON_REF>	0/0	52,0	0.0	52	52	0	99	0,120,1800
chr1_97981525	chr1	97981525	T	<NON_REF>	0/0	35,0	0.0	35	35	0	93	0,93,1395
chr1_98015121	chr1	98015121	C	<NON_REF>	0/0	85,0	0.0	85	85	0	99	0,120,1800
chr1_98015156	chr1	98015156	T	<NON_REF>	0/0	108,0	0.0	108	108	0	99	0,120,1800
chr1_98015165	chr1	98015165	G	<NON_REF>	0/0	108,0	0.0	108	108	0	99	0,120,1800
chr1_98015237	chr1	98015237	G	<NON_REF>	0/0	102,0	0.0	102	102	0	99	0,120,1800
chr1_98015269	chr1	98015269	G	<NON_REF>	0/0	77,1	0.012820512656147276	78	77	1	99	0,120,1800
chr1_98015282	chr1	98015282	G	<NON_REF>	0/0	69,0	0.0	69	69	0	99	0,120,1800
chr1_98015291	chr1	98015291	G	<NON_REF>	0/0	59,1	0.01666666638888889	60	59	1	99	0,120,1800
chr1_98039341	chr1	98039341	A	<NON_REF>	0/0	123,1	0.008064516063995839	124	123	1	99	0,120,1800
chr1_98039361	chr1	98039361	C	<NON_REF>	0/0	128,0	0.0	128	128	0	99	0,120,1800
chr1_98039377	chr1	98039377	C	<NON_REF>	0/0	132,2	0.014925373022944978	134	132	2	99	0,120,1800
chr1_98039395	chr1	98039395	A	<NON_REF>	0/0	139,0	0.0	139	139	0	99	0,120,1800
chr1_98039419	chr1	98039419	C	<NON_REF>	0/0	137,0	0.0	137	137	0	99	0,120,1800
chr1_98039437	chr1	98039437	C	<NON_REF>	0/0	136,1	0.007299270019713358	137	136	1	99	0,120,1800
chr1_98039474	chr1	98039474	C	<NON_REF>	0/0	128,0	0.0	128	128	0	99	0,120,1800
chr1_98039475	chr1	98039475	G	<NON_REF>	0/0	125,2	0.015748031372062744	127	125	2	99	0,120,1800
chr1_98039499	chr1	98039499	C	<NON_REF>	0/0	104,0	0.0	104	104	0	99	0,120,1800
chr1_98039541	chr1	98039541	A	<NON_REF>	0/0	87,0	0.0	87	87	0	99	0,120,1800
chr1_98039554	chr1	98039554	C	<NON_REF>	0/0	71,0	0.0	71	71	0	99	0,120,1800
chr1_98058794	chr1	98058794	T	<NON_REF>	0/0	71,0	0.0	71	71	0	99	0,120,1800
chr1_98058845	chr1	98058845	G	<NON_REF>	0/0	64,1	0.015384615147928996	65	64	1	99	0,120,1800
chr1_98058848	chr1	98058848	G	<NON_REF>	0/0	66,0	0.0	66	66	0	99	0,120,1800
chr1_98058878	chr1	98058878	C	<NON_REF>	0/0	63,0	0.0	63	63	0	99	0,120,1800
chr1_98058899	chr1	98058899	C	<NON_REF>	0/0	45,1	0.021739129962192832	46	45	1	99	0,120,1800
chr1_98058935	chr1	98058935	C	<NON_REF>	0/0	36,0	0.0	36	36	0	96	0,96,1440
chr1_98060639	chr1	98060639	G	<NON_REF>	0/0	106,0	0.0	106	106	0	99	0,120,1800
chr1_98060644	chr1	98060644	A	<NON_REF>	0/0	105,0	0.0	105	105	0	99	0,120,1800
chr1_98060663	chr1	98060663	A	<NON_REF>	0/0	115,1	0.008620689580856123	116	115	1	99	0,120,1800
chr1_98060705	chr1	98060705	T	<NON_REF>	0/0	99,0	0.0	99	99	0	99	0,120,1800
chr1_98144560	chr1	98144560	G	<NON_REF>	0/0	8,0	0.0	8	8	0	24	0,24,297
chr1_98144610	chr1	98144610	A	<NON_REF>	0/0	19,0	0.0	19	19	0	54	0,54,810
chr1_98144726	chr1	98144726	T	<NON_REF>	0/0	51,0	0.0	51	51	0	99	0,120,1800
chr1_98144856	chr1	98144856	T	<NON_REF>	0/0	9,0	0.0	9	9	0	24	0,24,360
chr1_98157332	chr1	98157332	G	<NON_REF>	0/0	60,0	0.0	60	60	0	99	0,120,1800
chr1_98157362	chr1	98157362	G	<NON_REF>	0/0	44,0	0.0	44	44	0	96	0,96,1440
chr1_98164955	chr1	98164955	T	<NON_REF>	0/0	108,1	0.009174311842437506	109	108	1	99	0,120,1800
chr1_98164986	chr1	98164986	T	<NON_REF>	0/0	142,2	0.013888888792438272	144	142	2	99	0,120,1800
chr1_98165030	chr1	98165030	T	<NON_REF>	0/0	154,1	0.0064516128616024975	155	154	1	99	0,120,1800
chr1_98165062	chr1	98165062	C	<NON_REF>	0/0	149,0	0.0	149	149	0	99	0,120,1800
chr1_98165089	chr1	98165089	C	<NON_REF>	0/0	123,0	0.0	123	123	0	99	0,120,1800
chr1_98165091	chr1	98165091	T	<NON_REF>	0/0	121,2	0.016260162469429573	123	121	2	99	0,120,1800
chr1_98187048	chr1	98187048	C	<NON_REF>	0/0	85,0	0.0	85	85	0	99	0,120,1800
chr1_98187098	chr1	98187098	T	<NON_REF>	0/0	109,0	0.0	109	109	0	99	0,120,1800
chr1_98187206	chr1	98187206	T	<NON_REF>	0/0	84,0	0.0	84	84	0	99	0,120,1800
chr1_98205956	chr1	98205956	C	<NON_REF>	0/0	92,0	0.0	92	92	0	99	0,120,1800
chr1_98205971	chr1	98205971	A	<NON_REF>	0/0	105,0	0.0	105	105	0	99	0,120,1800
chr1_98205995	chr1	98205995	G	<NON_REF>	0/0	121,0	0.0	121	121	0	99	0,120,1800
chr1_98206128	chr1	98206128	G	<NON_REF>	0/0	52,0	0.0	52	52	0	99	0,120,1800
chr1_98206158	chr1	98206158	C	<NON_REF>	0/0	36,0	0.0	36	36	0	99	0,99,1485
chr1_98293558	chr1	98293558	C	<NON_REF>	0/0	95,0	0.0	95	95	0	99	0,120,1800
chr1_98293821	chr1	98293821	C	<NON_REF>	0/0	61,0	0.0	61	61	0	99	0,120,1800
chr1_98348885	chr1	98348885	G	A	1/1	0,65,0	0.9999999846153848	65	0	65	99	2345,195,0,2345,195,2345
chr1_98348908	chr1	98348908	C	<NON_REF>	0/0	67,2	0.028985506826297008	69	67	2	99	0,120,1800
chr1_98348909	chr1	98348909	G	<NON_REF>	0/0	67,0	0.0	67	67	0	99	0,120,1800
chr1_98348924	chr1	98348924	G	<NON_REF>	0/0	67,1	0.014705882136678203	68	67	1	99	0,120,1800
chr1_169519049	chr1	169519049	T	C	1/1	0,138,0	0.9999999927536232	138	0	138	99	5202,415,0,5202,415,5202
chr1_196712596	chr1	196712596	A	<NON_REF>	0/0	112,0	0.0	112	112	0	99	0,120,1800
chr1_201029943	chr1	201029943	C	<NON_REF>	0/0	114,0	0.0	114	114	0	99	0,120,1800
chr1_201061121	chr1	201061121	G	<NON_REF>	0/0	120,0	0.0	120	120	0	99	0,120,1800
chr2_234602277	chr2	234602277	G	<NON_REF>	0/0	130,0	0.0	130	130	0	99	0,120,1800
chr2_234668879	chr2	234668879	C	<NON_REF>	0/0	55,1	0.017857142538265314	56	55	1	99	0,120,1800
chr2_234669144	chr2	234669144	G	<NON_REF>	0/0	234,0	0.0	234	234	0	99	0,120,1800
chr2_234669619	chr2	234669619	C	<NON_REF>	0/0	265,1	0.003759398482107525	266	265	1	99	0,120,1800
chr6_18130918	chr6	18130918	T	<NON_REF>	0/0	43,0	0.0	43	43	0	99	0,120,1800
chr6_18130925	chr6	18130925	T	<NON_REF>	0/0	43,0	0.0	43	43	0	99	0,120,1800
chr6_18130956	chr6	18130956	A	<NON_REF>	0/0	63,0	0.0	63	63	0	99	0,120,1800
chr6_18130960	chr6	18130960	C	<NON_REF>	0/0	64,0	0.0	64	64	0	99	0,120,1800
chr6_18130989	chr6	18130989	A	<NON_REF>	0/0	72,0	0.0	72	72	0	99	0,120,1800
chr6_18130993	chr6	18130993	C	<NON_REF>	0/0	76,0	0.0	76	76	0	99	0,120,1800
chr6_18131003	chr6	18131003	A	<NON_REF>	0/0	72,1	0.013698629949333838	73	72	1	99	0,120,1800
chr6_18131012	chr6	18131012	C	<NON_REF>	0/0	75,1	0.013157894563711914	76	75	1	99	0,120,1800
chr6_18132367	chr6	18132367	A	<NON_REF>	0/0	104,0	0.0	104	104	0	99	0,120,1800
chr6_18132378	chr6	18132378	A	<NON_REF>	0/0	107,0	0.0	107	107	0	99	0,120,1800
chr6_18132394	chr6	18132394	C	<NON_REF>	0/0	118,0	0.0	118	118	0	99	0,120,1800
chr6_18134076	chr6	18134076	T	<NON_REF>	0/0	42,0	0.0	42	42	0	99	0,120,1800
chr6_18134078	chr6	18134078	C	<NON_REF>	0/0	42,0	0.0	42	42	0	99	0,120,1800
chr6_18134101	chr6	18134101	A	<NON_REF>	0/0	39,0	0.0	39	39	0	99	0,105,1575
chr6_18134115	chr6	18134115	G	<NON_REF>	0/0	37,0	0.0	37	37	0	99	0,99,1485
chr6_18134121	chr6	18134121	C	<NON_REF>	0/0	38,0	0.0	38	38	0	87	0,87,1305
chr6_18139200	chr6	18139200	C	<NON_REF>	0/0	39,1	0.024999999375000016	40	39	1	99	0,105,1575
chr6_18139201	chr6	18139201	G	<NON_REF>	0/0	41,0	0.0	41	41	0	99	0,105,1575
chr6_18139228	chr6	18139228	C	<NON_REF>	0/0	53,0	0.0	53	53	0	99	0,120,1800
chr6_18139258	chr6	18139258	C	<NON_REF>	0/0	53,0	0.0	53	53	0	99	0,120,1800
chr6_18139920	chr6	18139920	C	<NON_REF>	0/0	59,1	0.01666666638888889	60	59	1	99	0,120,1800
chr6_18139941	chr6	18139941	G	<NON_REF>	0/0	54,0	0.0	54	54	0	99	0,114,1710
chr6_18143828	chr6	18143828	T	<NON_REF>	0/0	21,0	0.0	21	21	0	60	0,60,900
chr6_18143837	chr6	18143837	T	<NON_REF>	0/0	25,0	0.0	25	25	0	66	0,66,990
chr6_18143844	chr6	18143844	C	<NON_REF>	0/0	23,0	0.0	23	23	0	63	0,63,945
chr6_18143853	chr6	18143853	C	<NON_REF>	0/0	25,0	0.0	25	25	0	75	0,75,1060
chr6_18143874	chr6	18143874	A	<NON_REF>	0/0	30,0	0.0	30	30	0	87	0,87,1305
chr6_18143949	chr6	18143949	G	<NON_REF>	0/0	57,0	0.0	57	57	0	99	0,120,1800
chr6_18143955	chr6	18143955	C	<NON_REF>	0/0	58,0	0.0	58	58	0	99	0,120,1800
chr6_18148069	chr6	18148069	G	<NON_REF>	0/0	56,0	0.0	56	56	0	99	0,120,1800
chr6_18148076	chr6	18148076	C	<NON_REF>	0/0	57,0	0.0	57	57	0	99	0,120,1800
chr6_18148082	chr6	18148082	G	<NON_REF>	0/0	64,1	0.015384615147928996	65	64	1	99	0,120,1800
chr6_18148087	chr6	18148087	A	<NON_REF>	0/0	71,0	0.0	71	71	0	99	0,120,1800
chr6_18148141	chr6	18148141	A	<NON_REF>	0/0	88,0	0.0	88	88	0	99	0,120,1800
chr6_18149235	chr6	18149235	G	<NON_REF>	0/0	35,0	0.0	35	35	0	99	0,99,1485
chr6_18149253	chr6	18149253	C	<NON_REF>	0/0	40,1	0.024390243307555043	41	40	1	99	0,111,1665
chr6_18149276	chr6	18149276	T	<NON_REF>	0/0	49,0	0.0	49	49	0	99	0,120,1800
chr6_18149357	chr6	18149357	A	<NON_REF>	0/0	88,0	0.0	88	88	0	99	0,120,1800
chr6_18149358	chr6	18149358	T	<NON_REF>	0/0	86,0	0.0	86	86	0	99	0,120,1800
chr6_30003764	chr6	30003764	A	<NON_REF>	0/0	102,0	0.0	102	102	0	99	0,120,1800
chr6_31106499	chr6	31106499	G	<NON_REF>	0/0	130,0	0.0	130	130	0	99	0,120,1800
chr6_31431780	chr6	31431780	T	<NON_REF>	0/0	182,0	0.0	182	182	0	99	0,120,1800
chr7_99250236	chr7	99250236	G	<NON_REF>	0/0	85,0	0.0	85	85	0	99	0,120,1800
chr7_99250393	chr7	99250393	T	<NON_REF>	0/0	94,0	0.0	94	94	0	99	0,120,1800
chr7_99258139	chr7	99258139	C	<NON_REF>	0/0	107,0	0.0	107	107	0	99	0,120,1800
chr7_99262835	chr7	99262835	C	<NON_REF>	0/0	180,0	0.0	180	180	0	99	0,120,1800
chr7_99262860	chr7	99262860	T	<NON_REF>	0/0	149,0	0.0	149	149	0	99	0,120,1800
chr7_99264573	chr7	99264573	A	<NON_REF>	0/0	49,0	0.0	49	49	0	99	0,120,1800
chr7_99273821	chr7	99273821	G	<NON_REF>	0/0	82,0	0.0	82	82	0	99	0,120,1800
chr7_117149089	chr7	117149089	G	<NON_REF>	0/0	75,0	0.0	75	75	0	99	0,120,1800
chr7_117149123	chr7	117149123	C	<NON_REF>	0/0	83,0	0.0	83	83	0	99	0,120,1800
chr7_117149143	chr7	117149143	C	<NON_REF>	0/0	80,0	0.0	80	80	0	99	0,120,1800
chr7_117149177	chr7	117149177	G	<NON_REF>	0/0	68,0	0.0	68	68	0	99	0,120,1800
chr7_117171007	chr7	117171007	G	<NON_REF>	0/0	66,0	0.0	66	66	0	99	0,120,1800
chr7_117171009	chr7	117171009	C	<NON_REF>	0/0	67,0	0.0	67	67	0	99	0,120,1800
chr7_117171028	chr7	117171028	C	<NON_REF>	0/0	81,0	0.0	81	81	0	99	0,120,1800
chr7_117171029	chr7	117171029	G	<NON_REF>	0/0	81,0	0.0	81	81	0	99	0,120,1800
chr7_117171169	chr7	117171169	G	<NON_REF>	0/0	97,1	0.01020408152852978	98	97	1	99	0,120,1800
chr7_117174372	chr7	117174372	G	<NON_REF>	0/0	106,0	0.0	106	106	0	99	0,120,1800
chr7_117174417	chr7	117174417	G	<NON_REF>	0/0	117,0	0.0	117	117	0	99	0,120,1800
chr7_117174420	chr7	117174420	G	<NON_REF>	0/0	116,0	0.0	116	116	0	99	0,120,1800
chr7_117175339	chr7	117175339	T	<NON_REF>	0/0	110,0	0.0	110	110	0	99	0,120,1800
chr7_117180284	chr7	117180284	C	<NON_REF>	0/0	129,1	0.007692307633136095	130	129	1	99	0,120,1800
chr7_117180324	chr7	117180324	G	<NON_REF>	0/0	114,1	0.008695652098298678	115	114	1	99	0,120,1800
chr7_117180339	chr7	117180339	G	<NON_REF>	0/0	102,0	0.0	102	102	0	99	0,120,1800
chr7_117188682	chr7	117188682	G	T	0/1	3,0,0,0	0.0	3	3	0	0	93,0,114,0,102,95,56,117,108,160
chr7_117188849	chr7	117188849	C	<NON_REF>	0/0	42,1	0.023255813412655504	43	42	1	98	0,98,1449
chr7_117199644	chr7	117199644	A	<NON_REF>	0/0	132,0	0.0	132	132	0	99	0,120,1800
chr7_117199645	chr7	117199645	T	<NON_REF>	0/0	131,1	0.007575757518365474	132	131	1	99	0,120,1800
chr7_117199646	chr7	117199646	C	<NON_REF>	0/0	132,0	0.0	132	132	0	99	0,120,1800
chr7_117227792	chr7	117227792	G	<NON_REF>	0/0	78,0	0.0	78	78	0	99	0,120,1800
chr7_117227832	chr7	117227832	G	<NON_REF>	0/0	105,1	0.0094339621751513	106	105	1	99	0,120,1800
chr7_117227853	chr7	117227853	A	<NON_REF>	0/0	103,0	0.0	103	103	0	99	0,120,1800
chr7_117227854	chr7	117227854	G	<NON_REF>	0/0	100,1	0.009900990000980298	101	100	1	99	0,120,1800
chr7_117227855	chr7	117227855	T	<NON_REF>	0/0	104,1	0.009523809433106578	105	104	1	99	0,120,1800
chr7_117227859	chr7	117227859	G	<NON_REF>	0/0	106,0	0.0	106	106	0	99	0,120,1800
chr7_117227860	chr7	117227860	G	<NON_REF>	0/0	107,1	0.00925925917352538	108	107	1	99	0,120,1800
chr7_117227865	chr7	117227865	C	<NON_REF>	0/0	109,0	0.0	109	109	0	99	0,120,1800
chr7_117227887	chr7	117227887	G	<NON_REF>	0/0	98,0	0.0	98	98	0	99	0,120,1800
chr7_117230463	chr7	117230463	A	<NON_REF>	0/0	47,0	0.0	47	47	0	99	0,120,1800
chr7_117230494	chr7	117230494	G	<NON_REF>	0/0	42,1	0.023255813412655504	43	42	1	99	0,116,1663
chr7_117232273	chr7	117232273	A	<NON_REF>	0/0	112,1	0.008849557443809226	113	112	1	99	0,120,1800
chr7_117242922	chr7	117242922	G	<NON_REF>	0/0	97,0	0.0	97	97	0	99	0,120,1800
chr7_117243762	chr7	117243762	C	<NON_REF>	0/0	130,0	0.0	130	130	0	99	0,120,1800
chr7_117246749	chr7	117246749	C	<NON_REF>	0/0	98,0	0.0	98	98	0	99	0,120,1800
chr7_117246808	chr7	117246808	G	<NON_REF>	0/0	102,1	0.00970873776981808	103	102	1	99	0,120,1800
chr7_117251649	chr7	117251649	T	<NON_REF>	0/0	110,0	0.0	110	110	0	99	0,120,1800
chr7_117251674	chr7	117251674	A	<NON_REF>	0/0	128,0	0.0	128	128	0	99	0,120,1800
chr7_117251694	chr7	117251694	G	<NON_REF>	0/0	129,0	0.0	129	129	0	99	0,120,1800
chr7_117251700	chr7	117251700	G	<NON_REF>	0/0	136,0	0.0	136	136	0	99	0,120,1800
chr7_117251703	chr7	117251703	C	<NON_REF>	0/0	138,0	0.0	138	138	0	99	0,120,1800
chr7_117251704	chr7	117251704	G	<NON_REF>	0/0	139,0	0.0	139	139	0	99	0,120,1800
chr7_117251717	chr7	117251717	T	<NON_REF>	0/0	140,0	0.0	140	140	0	99	0,120,1800
chr7_117254753	chr7	117254753	G	<NON_REF>	0/0	97,0	0.0	97	97	0	99	0,120,1800
chr7_117267591	chr7	117267591	C	<NON_REF>	0/0	33,0	0.0	33	33	0	96	0,96,1440
chr7_117267635	chr7	117267635	C	<NON_REF>	0/0	47,0	0.0	47	47	0	99	0,120,1800
chr7_117282505	chr7	117282505	G	<NON_REF>	0/0	68,0	0.0	68	68	0	99	0,120,1800
chr7_117282526	chr7	117282526	G	<NON_REF>	0/0	81,0	0.0	81	81	0	99	0,120,1800
chr7_117282537	chr7	117282537	T	<NON_REF>	0/0	83,0	0.0	83	83	0	99	0,120,1800
chr7_117282582	chr7	117282582	G	<NON_REF>	0/0	99,0	0.0	99	99	0	99	0,120,1800
chr7_117282620	chr7	117282620	G	<NON_REF>	0/0	81,0	0.0	81	81	0	99	0,120,1800
chr7_117292931	chr7	117292931	C	<NON_REF>	0/0	23,0	0.0	23	23	0	66	0,66,990
chr7_117304824	chr7	117304824	G	<NON_REF>	0/0	109,0	0.0	109	109	0	99	0,120,1800
chr9_86900926	chr9	86900926	G	<NON_REF>	0/0	101,0	0.0	101	101	0	99	0,120,1800
chr9_86917301	chr9	86917301	T	C	0/1	8,6,0	0.42857139795918586	14	8	6	99	205,0,259,230,277,506
chr9_86920236	chr9	86920236	T	C	0/1	37,38,0	0.5066666599111113	75	37	38	99	1187,0,1144,1299,1258,2557
chr10_96522450	chr10	96522450	G	<NON_REF>	0/0	28,0	0.0	28	28	0	75	0,75,1125
chr10_96522463	chr10	96522463	A	<NON_REF>	0/0	29,0	0.0	29	29	0	75	0,75,1125
chr10_96522469	chr10	96522469	C	<NON_REF>	0/0	33,0	0.0	33	33	0	84	0,84,1260
chr10_96522472	chr10	96522472	T	<NON_REF>	0/0	36,0	0.0	36	36	0	93	0,93,1395
chr10_96522512	chr10	96522512	T	<NON_REF>	0/0	42,0	0.0	42	42	0	99	0,117,1755
chr10_96522517	chr10	96522517	A	<NON_REF>	0/0	45,0	0.0	45	45	0	99	0,120,1800
chr10_96522545	chr10	96522545	A	<NON_REF>	0/0	66,0	0.0	66	66	0	99	0,120,1800
chr10_96522561	chr10	96522561	T	<NON_REF>	0/0	70,0	0.0	70	70	0	99	0,120,1800
chr10_96522613	chr10	96522613	A	<NON_REF>	0/0	84,0	0.0	84	84	0	99	0,120,1800
chr10_96534863	chr10	96534863	C	<NON_REF>	0/0	195,1	0.00510204079029571	196	195	1	99	0,120,1800
chr10_96534878	chr10	96534878	C	<NON_REF>	0/0	220,1	0.0045248868573534535	221	220	1	99	0,120,1800
chr10_96534917	chr10	96534917	G	<NON_REF>	0/0	278,0	0.0	278	278	0	99	0,120,1800
chr10_96534942	chr10	96534942	A	<NON_REF>	0/0	334,2	0.005952380934665533	336	334	2	99	0,120,1800
chr10_96535124	chr10	96535124	A	<NON_REF>	0/0	241,1	0.004132231387883341	242	241	1	99	0,120,1800
chr10_96535173	chr10	96535173	T	<NON_REF>	0/0	239,1	0.004166666649305557	240	239	1	99	0,120,1800
chr10_96535210	chr10	96535210	G	<NON_REF>	0/0	231,0	0.0	231	231	0	99	0,120,1800
chr10_96535246	chr10	96535246	G	<NON_REF>	0/0	234,0	0.0	234	234	0	99	0,120,1800
chr10_96535264	chr10	96535264	G	<NON_REF>	0/0	237,0	0.0	237	237	0	99	0,120,1800
chr10_96540331	chr10	96540331	G	<NON_REF>	0/0	78,0	0.0	78	78	0	99	0,120,1800
chr10_96540336	chr10	96540336	G	<NON_REF>	0/0	86,0	0.0	86	86	0	99	0,120,1800
chr10_96540410	chr10	96540410	G	<NON_REF>	0/0	153,0	0.0	153	153	0	99	0,120,1800
chr10_96541615	chr10	96541615	C	<NON_REF>	0/0	148,1	0.006711409350930139	149	148	1	99	0,120,1800
chr10_96541616	chr10	96541616	G	<NON_REF>	0/0	151,0	0.0	151	151	0	99	0,120,1800
chr10_96541701	chr10	96541701	G	<NON_REF>	0/0	77,0	0.0	77	77	0	99	0,120,1800
chr10_96541756	chr10	96541756	T	<NON_REF>	0/0	63,0	0.0	63	63	0	99	0,120,1800
chr10_96602618	chr10	96602618	G	<NON_REF>	0/0	224,1	0.004444444424691358	225	224	1	99	0,120,1800
chr10_96602622	chr10	96602622	C	<NON_REF>	0/0	228,0	0.0	228	228	0	99	0,120,1800
chr10_96602623	chr10	96602623	G	<NON_REF>	0/0	225,1	0.00442477874148328	226	225	1	99	0,120,1800
chr10_96602636	chr10	96602636	G	<NON_REF>	0/0	211,0	0.0	211	211	0	99	0,120,1800
chr10_96602752	chr10	96602752	G	<NON_REF>	0/0	229,1	0.0043478260680529296	230	229	1	99	0,120,1800
chr10_96609721	chr10	96609721	A	<NON_REF>	0/0	177,0	0.0	177	177	0	99	0,120,1800
chr10_96609752	chr10	96609752	C	<NON_REF>	0/0	184,0	0.0	184	184	0	99	0,120,1800
chr10_96609775	chr10	96609775	A	<NON_REF>	0/0	164,0	0.0	164	164	0	99	0,120,1800
chr10_96612495	chr10	96612495	C	<NON_REF>	0/0	70,1	0.014084506843880188	71	70	1	99	0,120,1800
chr10_96612522	chr10	96612522	C	<NON_REF>	0/0	100,0	0.0	100	100	0	99	0,120,1800
chr10_96612542	chr10	96612542	C	<NON_REF>	0/0	136,1	0.007299270019713358	137	136	1	99	0,120,1800
chr10_96612671	chr10	96612671	A	<NON_REF>	0/0	128,1	0.007751937924403581	129	128	1	99	0,120,1800
chr10_96698440	chr10	96698440	A	<NON_REF>	0/0	45,0	0.0	45	45	0	99	0,120,1800
chr10_96698494	chr10	96698494	C	<NON_REF>	0/0	79,0	0.0	79	79	0	99	0,120,1800
chr10_96698528	chr10	96698528	C	<NON_REF>	0/0	86,1	0.01149425274144537	87	86	1	99	0,120,1800
chr10_96698560	chr10	96698560	A	<NON_REF>	0/0	94,0	0.0	94	94	0	99	0,120,1800
chr10_96698585	chr10	96698585	A	<NON_REF>	0/0	89,0	0.0	89	89	0	99	0,120,1800
chr10_96701654	chr10	96701654	G	<NON_REF>	0/0	201,0	0.0	201	201	0	99	0,120,1800
chr10_96701672	chr10	96701672	G	<NON_REF>	0/0	217,0	0.0	217	217	0	99	0,120,1800
chr10_96701715	chr10	96701715	T	<NON_REF>	0/0	282,2	0.007042253496330093	284	282	2	99	0,120,1800
chr10_96701733	chr10	96701733	G	<NON_REF>	0/0	333,1	0.0029940119670837967	334	333	1	99	0,120,1800
chr10_96701739	chr10	96701739	G	<NON_REF>	0/0	351,0	0.0	351	351	0	99	0,120,1800
chr10_96701775	chr10	96701775	T	<NON_REF>	0/0	411,1	0.002427184460128193	412	411	1	99	0,120,1800
chr10_96701970	chr10	96701970	A	<NON_REF>	0/0	251,0	0.0	251	251	0	99	0,120,1800
chr10_96701973	chr10	96701973	A	<NON_REF>	0/0	255,0	0.0	255	255	0	99	0,120,1800
chr10_96701987	chr10	96701987	C	<NON_REF>	0/0	249,1	0.003999999984	250	249	1	99	0,120,1800
chr10_96701988	chr10	96701988	G	<NON_REF>	0/0	244,0	0.0	244	244	0	99	0,120,1800
chr10_96701991	chr10	96701991	G	<NON_REF>	0/0	242,1	0.004115226320513472	243	242	1	99	0,120,1800
chr10_96702006	chr10	96702006	C	<NON_REF>	0/0	247,1	0.004032258048257025	248	247	1	99	0,120,1800
chr10_96702011	chr10	96702011	C	<NON_REF>	0/0	244,0	0.0	244	244	0	99	0,120,1800
chr10_96702012	chr10	96702012	G	<NON_REF>	0/0	246,0	0.0	246	246	0	99	0,120,1800
chr10_96702047	chr10	96702047	C	<NON_REF>	0/0	238,0	0.0	238	238	0	99	0,120,1800
chr10_96702062	chr10	96702062	G	<NON_REF>	0/0	237,0	0.0	237	237	0	99	0,120,1800
chr10_96702066	chr10	96702066	G	<NON_REF>	0/0	229,0	0.0	229	229	0	99	0,120,1800
chr10_96707539	chr10	96707539	C	<NON_REF>	0/0	43,0	0.0	43	43	0	99	0,120,1800
chr10_96707542	chr10	96707542	C	<NON_REF>	0/0	41,0	0.0	41	41	0	99	0,120,1800
chr10_96707664	chr10	96707664	A	<NON_REF>	0/0	139,0	0.0	139	139	0	99	0,120,1800
chr10_96707674	chr10	96707674	T	<NON_REF>	0/0	143,0	0.0	143	143	0	99	0,120,1800
chr10_96707695	chr10	96707695	A	<NON_REF>	0/0	152,0	0.0	152	152	0	99	0,120,1800
chr10_96708886	chr10	96708886	A	<NON_REF>	0/0	69,1	0.014285714081632657	70	69	1	99	0,120,1800
chr10_96708901	chr10	96708901	C	<NON_REF>	0/0	76,2	0.02564102531229455	78	76	2	99	0,120,1800
chr10_96708974	chr10	96708974	A	<NON_REF>	0/0	57,0	0.0	57	57	0	99	0,120,1800
chr10_96709037	chr10	96709037	A	<NON_REF>	0/0	29,0	0.0	29	29	0	72	0,72,1080
chr10_96709040	chr10	96709040	A	<NON_REF>	0/0	28,0	0.0	28	28	0	72	0,72,1080
chr10_96731876	chr10	96731876	C	<NON_REF>	0/0	136,0	0.0	136	136	0	99	0,120,1800
chr10_96731891	chr10	96731891	A	<NON_REF>	0/0	142,0	0.0	142	142	0	99	0,120,1800
chr10_96731936	chr10	96731936	A	<NON_REF>	0/0	120,0	0.0	120	120	0	99	0,120,1800
chr10_96731937	chr10	96731937	C	<NON_REF>	0/0	119,0	0.0	119	119	0	99	0,120,1800
chr10_96731990	chr10	96731990	C	<NON_REF>	0/0	78,0	0.0	78	78	0	99	0,120,1800
chr10_96740958	chr10	96740958	T	<NON_REF>	0/0	201,0	0.0	201	201	0	99	0,120,1800
chr10_96740981	chr10	96740981	C	<NON_REF>	0/0	202,0	0.0	202	202	0	99	0,120,1800
chr10_96740982	chr10	96740982	G	<NON_REF>	0/0	203,0	0.0	203	203	0	99	0,120,1800
chr10_96740987	chr10	96740987	C	<NON_REF>	0/0	212,1	0.004694835658709692	213	212	1	99	0,120,1800
chr10_96741007	chr10	96741007	C	<NON_REF>	0/0	210,0	0.0	210	210	0	99	0,120,1800
chr10_96741038	chr10	96741038	G	<NON_REF>	0/0	208,0	0.0	208	208	0	99	0,120,1800
chr10_96741053	chr10	96741053	A	<NON_REF>	0/0	210,0	0.0	210	210	0	99	0,120,1800
chr10_96741054	chr10	96741054	T	<NON_REF>	0/0	210,1	0.004739336470429685	211	210	1	99	0,120,1800
chr10_96741058	chr10	96741058	C	<NON_REF>	0/0	199,0	0.0	199	199	0	99	0,120,1800
chr10_96741059	chr10	96741059	C	<NON_REF>	0/0	200,1	0.004975124353357591	201	200	1	99	0,120,1800
chr10_96741122	chr10	96741122	C	<NON_REF>	0/0	224,2	0.00884955748296656	226	224	2	99	0,120,1800
chr10_96745799	chr10	96745799	A	<NON_REF>	0/0	127,0	0.0	127	127	0	99	0,120,1800
chr10_96745830	chr10	96745830	A	<NON_REF>	0/0	142,0	0.0	142	142	0	99	0,120,1800
chr10_96748612	chr10	96748612	A	<NON_REF>	0/0	61,0	0.0	61	61	0	99	0,120,1800
chr10_96748674	chr10	96748674	G	<NON_REF>	0/0	103,1	0.009615384522928995	104	103	1	99	0,120,1800
chr10_96748712	chr10	96748712	T	<NON_REF>	0/0	148,0	0.0	148	148	0	99	0,120,1800
chr10_96748737	chr10	96748737	A	<NON_REF>	0/0	159,0	0.0	159	159	0	99	0,120,1800
chr10_96748741	chr10	96748741	G	<NON_REF>	0/0	156,0	0.0	156	156	0	99	0,120,1800
chr10_96748777	chr10	96748777	C	<NON_REF>	0/0	137,0	0.0	137	137	0	99	0,120,1800
chr10_96748780	chr10	96748780	G	<NON_REF>	0/0	123,2	0.015999999872	125	123	2	99	0,120,1800
chr12_21325668	chr12	21325668	C	<NON_REF>	0/0	65,1	0.015151514921946744	66	65	1	99	0,120,1800
chr12_21325710	chr12	21325710	G	<NON_REF>	0/0	81,0	0.0	81	81	0	99	0,120,1800
chr12_21325716	chr12	21325716	T	<NON_REF>	0/0	81,0	0.0	81	81	0	99	0,120,1800
chr12_21327529	chr12	21327529	T	<NON_REF>	0/0	86,0	0.0	86	86	0	99	0,120,1800
chr12_21329738	chr12	21329738	A	G	0/1	39,16,0	0.2909090856198348	55	39	16	99	449,0,1337,566,1385,1951
chr12_21329761	chr12	21329761	G	A	0/1	48,18,0	0.27272726859504137	66	48	18	99	471,0,1597,615,1651,2266
chr12_21329802	chr12	21329802	A	<NON_REF>	0/0	72,0	0.0	72	72	0	99	0,120,1800
chr12_21329813	chr12	21329813	C	A	0/1	50,22,0	0.3055555513117285	72	50	22	99	547,0,1701,698,1767,2464
chr12_21329817	chr12	21329817	A	<NON_REF>	0/0	73,1	0.01351351333089847	74	73	1	99	0,120,1800
chr12_21331549	chr12	21331549	T	<NON_REF>	0/0	89,0	0.0	89	89	0	99	0,120,1800
chr12_21331599	chr12	21331599	T	C	0/1	44,31,0	0.4133333278222223	75	44	31	99	1023,0,1283,1154,1376,2531
chr12_21331606	chr12	21331606	T	<NON_REF>	0/0	73,0	0.0	73	73	0	99	0,120,1800
chr12_21331625	chr12	21331625	C	T	0/1	46,29,0	0.3866666615111112	75	46	29	99	913,0,1442,1052,1529,2581
chr12_21331891	chr12	21331891	A	<NON_REF>	0/0	66,0	0.0	66	66	0	99	0,120,1800
chr12_21349885	chr12	21349885	A	<NON_REF>	0/0	115,1	0.008620689580856123	116	115	1	99	0,120,1800
chr12_21349910	chr12	21349910	G	<NON_REF>	0/0	127,0	0.0	127	127	0	99	0,120,1800
chr12_21353529	chr12	21353529	T	<NON_REF>	0/0	95,0	0.0	95	95	0	99	0,120,1800
chr12_21355487	chr12	21355487	T	<NON_REF>	0/0	119,0	0.0	119	119	0	99	0,120,1800
chr12_21355489	chr12	21355489	C	<NON_REF>	0/0	117,1	0.008474576199367999	118	117	1	99	0,120,1800
chr12_21355583	chr12	21355583	A	<NON_REF>	0/0	65,0	0.0	65	65	0	99	0,120,1800
chr12_21355598	chr12	21355598	G	<NON_REF>	0/0	56,1	0.017543859341335802	57	56	1	99	0,120,1800
chr12_21358855	chr12	21358855	A	<NON_REF>	0/0	81,0	0.0	81	81	0	99	0,120,1800
chr12_21358933	chr12	21358933	G	<NON_REF>	0/0	123,0	0.0	123	123	0	99	0,120,1800
chr12_21391976	chr12	21391976	A	<NON_REF>	0/0	42,0	0.0	42	42	0	99	0,117,1755
chr12_21392011	chr12	21392011	A	<NON_REF>	0/0	58,0	0.0	58	58	0	99	0,120,1800
chr12_21392047	chr12	21392047	A	<NON_REF>	0/0	72,0	0.0	72	72	0	99	0,120,1800
chr12_21392079	chr12	21392079	C	<NON_REF>	0/0	63,0	0.0	63	63	0	99	0,120,1800
chr12_21392092	chr12	21392092	C	<NON_REF>	0/0	60,0	0.0	60	60	0	99	0,120,1800
chr12_53605545	chr12	53605545	G	A	0/1	47,39,0	0.4534883668199027	86	47	39	99	1040,0,1535,1181,1651,2832
chr13_48611919	chr13	48611919	G	<NON_REF>	0/0	105,0	0.0	105	105	0	99	0,120,1800
chr13_48611920	chr13	48611920	G	<NON_REF>	0/0	104,0	0.0	104	104	0	99	0,120,1800
chr13_48611921	chr13	48611921	A	<NON_REF>	0/0	101,0	0.0	101	101	0	99	0,120,1800
chr13_48611922	chr13	48611922	G	<NON_REF>	0/0	102,0	0.0	102	102	0	99	0,120,1800
chr13_48611923	chr13	48611923	T	<NON_REF>	0/0	103,0	0.0	103	103	0	99	0,120,1800
chr13_48611924	chr13	48611924	C	<NON_REF>	0/0	105,0	0.0	105	105	0	99	0,120,1800
chr13_48611934	chr13	48611934	G	<NON_REF>	0/0	102,0	0.0	102	102	0	99	0,120,1800
chr13_48611937	chr13	48611937	G	<NON_REF>	0/0	104,0	0.0	104	104	0	99	0,120,1800
chr13_48611938	chr13	48611938	T	<NON_REF>	0/0	103,0	0.0	103	103	0	99	0,120,1800
chr13_48611983	chr13	48611983	G	<NON_REF>	0/0	98,0	0.0	98	98	0	99	0,120,1800
chr13_48611985	chr13	48611985	A	<NON_REF>	0/0	102,0	0.0	102	102	0	99	0,120,1800
chr13_48619855	chr13	48619855	C	<NON_REF>	0/0	76,1	0.012987012818350484	77	76	1	99	0,120,1800
chr13_48619856	chr13	48619856	G	<NON_REF>	0/0	77,0	0.0	77	77	0	99	0,120,1800
chr15_89860763	chr15	89860763	T	<NON_REF>	0/0	66,0	0.0	66	66	0	99	0,120,1800
chr15_89865023	chr15	89865023	C	<NON_REF>	0/0	155,1	0.006410256369165025	156	155	1	99	0,120,1800
chr15_89866657	chr15	89866657	C	<NON_REF>	0/0	98,0	0.0	98	98	0	99	0,120,1800
chr15_89868870	chr15	89868870	G	<NON_REF>	0/0	180,1	0.0055248618479289404	181	180	1	99	0,120,1800
chr15_89870237	chr15	89870237	C	<NON_REF>	0/0	139,0	0.0	139	139	0	99	0,120,1800
chr15_89870432	chr15	89870432	C	<NON_REF>	0/0	199,0	0.0	199	199	0	99	0,120,1800
chr15_89873415	chr15	89873415	G	<NON_REF>	0/0	186,0	0.0	186	186	0	99	0,120,1800
chr15_89873472	chr15	89873472	C	<NON_REF>	0/0	113,0	0.0	113	113	0	99	0,120,1800
chr19_15990431	chr19	15990431	C	T	0/1	100,108,0	0.5192307667344674	208	100	108	99	3040,0,3310,3341,3632,6973
chr19_16008388	chr19	16008388	A	C	0/1	33,45,0	0.5769230695266273	78	33	45	99	1438,0,1022,1537,1157,2694
chr19_38931442	chr19	38931442	T	<NON_REF>	0/0	92,0	0.0	92	92	0	99	0,120,1800
chr19_38931469	chr19	38931469	C	<NON_REF>	0/0	117,1	0.008474576199367999	118	117	1	99	0,120,1800
chr19_38934851	chr19	38934851	C	<NON_REF>	0/0	198,1	0.0050251256028888145	199	198	1	99	0,120,1800
chr19_38934852	chr19	38934852	G	<NON_REF>	0/0	193,0	0.0	193	193	0	99	0,120,1800
chr19_38937350	chr19	38937350	G	<NON_REF>	0/0	121,0	0.0	121	121	0	99	0,120,1800
chr19_38939313	chr19	38939313	C	<NON_REF>	0/0	200,0	0.0	200	200	0	99	0,120,1800
chr19_38939352	chr19	38939352	G	<NON_REF>	0/0	184,0	0.0	184	184	0	99	0,120,1800
chr19_38942482	chr19	38942482	C	<NON_REF>	0/0	266,2	0.007462686539318333	268	266	2	99	0,120,1800
chr19_38942490	chr19	38942490	C	<NON_REF>	0/0	281,0	0.0	281	281	0	99	0,120,1800
chr19_38945999	chr19	38945999	A	<NON_REF>	0/0	214,0	0.0	214	214	0	99	0,120,1800
chr19_38946103	chr19	38946103	G	<NON_REF>	0/0	266,1	0.0037453183380325157	267	266	1	99	0,120,1800
chr19_38946111	chr19	38946111	C	<NON_REF>	0/0	260,0	0.0	260	260	0	99	0,120,1800
chr19_38946112	chr19	38946112	G	<NON_REF>	0/0	263,0	0.0	263	263	0	99	0,120,1800
chr19_38946168	chr19	38946168	C	<NON_REF>	0/0	224,0	0.0	224	224	0	99	0,120,1800
chr19_38948185	chr19	38948185	C	<NON_REF>	0/0	134,0	0.0	134	134	0	99	0,120,1800
chr19_38948186	chr19	38948186	G	<NON_REF>	0/0	135,0	0.0	135	135	0	99	0,120,1800
chr19_38985204	chr19	38985204	C	<NON_REF>	0/0	108,0	0.0	108	108	0	99	0,120,1800
chr19_38985205	chr19	38985205	G	<NON_REF>	0/0	105,0	0.0	105	105	0	99	0,120,1800
chr19_38985219	chr19	38985219	G	<NON_REF>	0/0	111,0	0.0	111	111	0	99	0,120,1800
chr19_38986923	chr19	38986923	C	<NON_REF>	0/0	398,0	0.0	398	398	0	99	0,120,1800
chr19_38989863	chr19	38989863	G	<NON_REF>	0/0	192,0	0.0	192	192	0	99	0,120,1800
chr19_38990286	chr19	38990286	G	<NON_REF>	0/0	45,0	0.0	45	45	0	99	0,120,1800
chr19_38990295	chr19	38990295	G	<NON_REF>	0/0	47,0	0.0	47	47	0	99	0,120,1800
chr19_38990310	chr19	38990310	C	<NON_REF>	0/0	47,0	0.0	47	47	0	99	0,120,1800
chr19_38990371	chr19	38990371	G	<NON_REF>	0/0	74,0	0.0	74	74	0	99	0,120,1800
chr19_38990615	chr19	38990615	G	<NON_REF>	0/0	147,0	0.0	147	147	0	99	0,120,1800
chr19_38990633	chr19	38990633	G	<NON_REF>	0/0	143,0	0.0	143	143	0	99	0,120,1800
chr19_38990637	chr19	38990637	G	<NON_REF>	0/0	143,1	0.006944444396219137	144	143	1	99	0,120,1800
chr19_38991276	chr19	38991276	C	<NON_REF>	0/0	74,0	0.0	74	74	0	99	0,120,1800
chr19_38991282	chr19	38991282	C	<NON_REF>	0/0	80,0	0.0	80	80	0	99	0,120,1800
chr19_38991283	chr19	38991283	G	<NON_REF>	0/0	82,0	0.0	82	82	0	99	0,120,1800
chr19_38991294	chr19	38991294	C	<NON_REF>	0/0	101,0	0.0	101	101	0	99	0,120,1800
chr19_38991295	chr19	38991295	G	<NON_REF>	0/0	102,1	0.00970873776981808	103	102	1	99	0,120,1800
chr19_38991538	chr19	38991538	C	<NON_REF>	0/0	306,2	0.006493506472423681	308	306	2	99	0,120,1800
chr19_38991539	chr19	38991539	G	<NON_REF>	0/0	310,0	0.0	310	310	0	99	0,120,1800
chr19_39002961	chr19	39002961	G	<NON_REF>	0/0	201,0	0.0	201	201	0	99	0,120,1800
chr19_39034472	chr19	39034472	G	<NON_REF>	0/0	145,0	0.0	145	145	0	99	0,120,1800
chr19_39070644	chr19	39070644	A	<NON_REF>	0/0	106,0	0.0	106	106	0	99	0,120,1800
chr19_39070734	chr19	39070734	C	<NON_REF>	0/0	121,0	0.0	121	121	0	99	0,120,1800
chr19_39070754	chr19	39070754	C	<NON_REF>	0/0	108,0	0.0	108	108	0	99	0,120,1800
chr19_39071010	chr19	39071010	C	<NON_REF>	0/0	134,1	0.007407407352537723	135	134	1	99	0,120,1800
chr19_39071043	chr19	39071043	G	<NON_REF>	0/0	133,0	0.0	133	133	0	99	0,120,1800
chr19_39071080	chr19	39071080	G	<NON_REF>	0/0	135,0	0.0	135	135	0	99	0,120,1800
chr19_39075629	chr19	39075629	T	<NON_REF>	0/0	242,0	0.0	242	242	0	99	0,120,1800
chr19_41497129	chr19	41497129	T	<NON_REF>	0/0	68,0	0.0	68	68	0	99	0,120,1800
chr19_41497272	chr19	41497272	A	<NON_REF>	0/0	89,1	0.011111110987654323	90	89	1	99	0,120,1800
chr19_41497274	chr19	41497274	C	<NON_REF>	0/0	86,0	0.0	86	86	0	99	0,120,1800
chr19_41497286	chr19	41497286	A	<NON_REF>	0/0	68,0	0.0	68	68	0	99	0,120,1800
chr19_41497293	chr19	41497293	A	<NON_REF>	0/0	61,0	0.0	61	61	0	99	0,120,1800
chr19_41497295	chr19	41497295	C	<NON_REF>	0/0	59,0	0.0	59	59	0	99	0,120,1800
chr19_41497296	chr19	41497296	G	<NON_REF>	0/0	58,0	0.0	58	58	0	99	0,120,1800
chr19_41497346	chr19	41497346	A	<NON_REF>	0/0	26,1	0.037037035665294975	27	26	1	68	0,68,912
chr19_41509920	chr19	41509920	T	<NON_REF>	0/0	180,0	0.0	180	180	0	99	0,120,1800
chr19_41510030	chr19	41510030	G	<NON_REF>	0/0	271,4	0.014545454492561984	275	271	4	99	0,120,1800
chr19_41510063	chr19	41510063	G	<NON_REF>	0/0	199,34	0.14592274615483802	233	199	34	0	0,0,7336
chr19_41510208	chr19	41510208	T	<NON_REF>	0/0	87,0	0.0	87	87	0	99	0,120,1800
chr19_41510282	chr19	41510282	A	<NON_REF>	0/0	80,0	0.0	80	80	0	99	0,120,1800
chr19_41510286	chr19	41510286	G	<NON_REF>	0/0	79,0	0.0	79	79	0	99	0,120,1800
chr19_41510311	chr19	41510311	G	<NON_REF>	0/0	90,0	0.0	90	90	0	99	0,120,1800
chr19_41512824	chr19	41512824	C	<NON_REF>	0/0	69,0	0.0	69	69	0	99	0,120,1800
chr19_41512828	chr19	41512828	C	<NON_REF>	0/0	69,1	0.014285714081632657	70	69	1	99	0,120,1800
chr19_41512841	chr19	41512841	G	T	0/1	38,48,0	0.5581395283937264	86	38	48	99	1553,0,1307,1667,1452,3119
chr19_41512873	chr19	41512873	T	<NON_REF>	0/0	149,0	0.0	149	149	0	99	0,120,1800
chr19_41512918	chr19	41512918	T	<NON_REF>	0/0	252,0	0.0	252	252	0	99	0,120,1800
chr19_41515107	chr19	41515107	C	<NON_REF>	0/0	104,1	0.009523809433106578	105	104	1	99	0,120,1800
chr19_41515255	chr19	41515255	C	<NON_REF>	0/0	125,0	0.0	125	125	0	99	0,120,1800
chr19_41515263	chr19	41515263	A	G	0/1	78,35,0	0.3097345105333229	113	78	35	99	941,0,2323,1173,2428,3601
chr19_41515483	chr19	41515483	G	A	0/1	7,12,0	0.6315789141274255	19	7	12	99	314,0,202,334,236,571
chr19_41515702	chr19	41515702	T	C	0/1	16,21,0	0.5675675522279039	37	16	21	99	785,0,484,833,547,1380
chr19_41515911	chr19	41515911	G	<NON_REF>	0/0	139,0	0.0	139	139	0	99	0,120,1800
chr19_41515993	chr19	41515993	C	<NON_REF>	0/0	153,1	0.006493506451340867	154	153	1	99	0,120,1800
chr19_41516013	chr19	41516013	C	<NON_REF>	0/0	175,0	0.0	175	175	0	99	0,120,1800
chr19_41518221	chr19	41518221	T	<NON_REF>	0/0	77,0	0.0	77	77	0	99	0,120,1800
chr19_41518244	chr19	41518244	C	<NON_REF>	0/0	92,0	0.0	92	92	0	99	0,120,1800
chr19_41518370	chr19	41518370	C	<NON_REF>	0/0	240,0	0.0	240	240	0	99	0,120,1800
chr19_41518598	chr19	41518598	T	<NON_REF>	0/0	77,1	0.012820512656147276	78	77	1	99	0,120,1800
chr19_41518645	chr19	41518645	G	<NON_REF>	0/0	70,0	0.0	70	70	0	99	0,120,1800
chr19_41518708	chr19	41518708	C	<NON_REF>	0/0	67,0	0.0	67	67	0	99	0,120,1800
chr19_41518773	chr19	41518773	C	T	0/1	39,34,0	0.4657534182773505	73	39	34	99	1044,0,1295,1162,1397,2559
chr19_41522631	chr19	41522631	A	<NON_REF>	0/0	246,0	0.0	246	246	0	99	0,120,1800
chr19_41522683	chr19	41522683	G	<NON_REF>	0/0	205,0	0.0	205	205	0	99	0,120,1800
chr19_41522710	chr19	41522710	A	<NON_REF>	0/0	160,2	0.012345678936137784	162	160	2	99	0,120,1800
chr19_41522715	chr19	41522715	C	<NON_REF>	0/0	148,1	0.006711409350930139	149	148	1	99	0,120,1800
chr22_42522600	chr22	42522600	A	<NON_REF>	0/0	203,14	0.06451612873494872	217	203	14	99	0,120,1800
chr22_42522607	chr22	42522607	G	<NON_REF>	0/0	244,0	0.0	244	244	0	99	0,120,1800
chr22_42522613	chr22	42522613	G	<NON_REF>	0/0	238,1	0.004184100400903346	239	238	1	99	0,120,1800
chr22_42522621	chr22	42522621	G	<NON_REF>	0/0	240,0	0.0	240	240	0	99	0,120,1800
chr22_42522624	chr22	42522624	A	<NON_REF>	0/0	239,0	0.0	239	239	0	99	0,120,1800
chr22_42522625	chr22	42522625	G	<NON_REF>	0/0	238,0	0.0	238	238	0	99	0,120,1800
chr22_42522626	chr22	42522626	C	<NON_REF>	0/0	236,2	0.008403361309229574	238	236	2	99	0,120,1800
chr22_42522627	chr22	42522627	A	<NON_REF>	0/0	238,0	0.0	238	238	0	99	0,120,1800
chr22_42522629	chr22	42522629	A	<NON_REF>	0/0	236,1	0.0042194092648970075	237	236	1	99	0,120,1800
chr22_42522635	chr22	42522635	C	<NON_REF>	0/0	222,0	0.0	222	222	0	99	0,120,1800
chr22_42522636	chr22	42522636	A	<NON_REF>	0/0	218,1	0.004566210024811826	219	218	1	99	0,120,1800
chr22_42522637	chr22	42522637	T	<NON_REF>	0/0	222,0	0.0	222	222	0	99	0,120,1800
chr22_42522638	chr22	42522638	G	<NON_REF>	0/0	220,1	0.0045248868573534535	221	220	1	99	0,120,1800
chr22_42522660	chr22	42522660	A	<NON_REF>	0/0	186,1	0.005347593554290943	187	186	1	99	0,120,1800
chr22_42522662	chr22	42522662	T	<NON_REF>	0/0	183,0	0.0	183	183	0	99	0,120,1800
chr22_42522665	chr22	42522665	G	<NON_REF>	0/0	181,0	0.0	181	181	0	99	0,120,1800
chr22_42522668	chr22	42522668	C	<NON_REF>	0/0	179,0	0.0	179	179	0	99	0,120,1800
chr22_42522669	chr22	42522669	C	<NON_REF>	0/0	176,1	0.005649717482204986	177	176	1	99	0,120,1800
chr22_42522678	chr22	42522678	G	<NON_REF>	0/0	165,0	0.0	165	165	0	99	0,120,1800
chr22_42522683	chr22	42522683	G	<NON_REF>	0/0	152,0	0.0	152	152	0	99	0,120,1800
chr22_42522699	chr22	42522699	G	<NON_REF>	0/0	143,1	0.006944444396219137	144	143	1	99	0,120,1800
chr22_42522737	chr22	42522737	C	<NON_REF>	0/0	124,0	0.0	124	124	0	99	0,120,1800
chr22_42522748	chr22	42522748	C	<NON_REF>	0/0	125,0	0.0	125	125	0	99	0,120,1800
chr22_42522749	chr22	42522749	G	<NON_REF>	0/0	124,0	0.0	124	124	0	99	0,120,1800
chr22_42522751	chr22	42522751	C	<NON_REF>	0/0	129,0	0.0	129	129	0	99	0,120,1800
chr22_42522754	chr22	42522754	C	<NON_REF>	0/0	128,0	0.0	128	128	0	99	0,120,1800
chr22_42522898	chr22	42522898	G	<NON_REF>	0/0	286,0	0.0	286	286	0	99	0,120,1800
chr22_42522906	chr22	42522906	A	<NON_REF>	0/0	307,0	0.0	307	307	0	99	0,120,1800
chr22_42522916	chr22	42522916	C	<NON_REF>	0/0	339,0	0.0	339	339	0	99	0,120,1800
chr22_42522940	chr22	42522940	C	<NON_REF>	0/0	363,0	0.0	363	363	0	99	0,120,1800
chr22_42522958	chr22	42522958	T	<NON_REF>	0/0	361,1	0.0027624309315954945	362	361	1	99	0,120,1800
chr22_42522965	chr22	42522965	C	<NON_REF>	0/0	359,1	0.0027777777700617287	360	359	1	99	0,120,1800
chr22_42523003	chr22	42523003	A	<NON_REF>	0/0	263,0	0.0	263	263	0	99	0,120,1800
chr22_42523302	chr22	42523302	C	<NON_REF>	0/0	92,0	0.0	92	92	0	99	0,120,1800
chr22_42523358	chr22	42523358	G	<NON_REF>	0/0	157,0	0.0	157	157	0	99	0,120,1800
chr22_42523409	chr22	42523409	G	<NON_REF>	0/0	259,0	0.0	259	259	0	99	0,120,1800
chr22_42523459	chr22	42523459	C	<NON_REF>	0/0	388,0	0.0	388	388	0	99	0,120,1800
chr22_42523475	chr22	42523475	C	<NON_REF>	0/0	397,0	0.0	397	397	0	99	0,120,1800
chr22_42523505	chr22	42523505	C	<NON_REF>	0/0	449,0	0.0	449	449	0	99	0,120,1800
chr22_42523516	chr22	42523516	A	<NON_REF>	0/0	466,2	0.0042735042643728535	468	466	2	99	0,120,1800
chr22_42523525	chr22	42523525	A	<NON_REF>	0/0	449,0	0.0	449	449	0	99	0,120,1800
chr22_42523535	chr22	42523535	C	<NON_REF>	0/0	474,0	0.0	474	474	0	99	0,120,1800
chr22_42523539	chr22	42523539	A	<NON_REF>	0/0	470,3	0.006342494701178657	473	470	3	99	0,120,1800
chr22_42523558	chr22	42523558	T	<NON_REF>	0/0	425,1	0.0023474178348652165	426	425	1	99	0,120,1800
chr22_42523567	chr22	42523567	T	<NON_REF>	0/0	424,0	0.0	424	424	0	99	0,120,1800
chr22_42523592	chr22	42523592	G	<NON_REF>	0/0	390,1	0.0025575447504922128	391	390	1	99	0,120,1800
chr22_42523595	chr22	42523595	G	<NON_REF>	0/0	390,0	0.0	390	390	0	99	0,120,1800
chr22_42523610	chr22	42523610	C	<NON_REF>	0/0	382,0	0.0	382	382	0	99	0,120,1800
chr22_42523612	chr22	42523612	T	<NON_REF>	0/0	378,1	0.0026385224204788327	379	378	1	99	0,120,1800
chr22_42523621	chr22	42523621	T	<NON_REF>	0/0	373,0	0.0	373	373	0	99	0,120,1800
chr22_42523763	chr22	42523763	C	<NON_REF>	0/0	281,0	0.0	281	281	0	99	0,120,1800
chr22_42523805	chr22	42523805	C	<NON_REF>	0/0	251,0	0.0	251	251	0	99	0,120,1800
chr22_42523843	chr22	42523843	C	<NON_REF>	0/0	269,0	0.0	269	269	0	99	0,120,1800
chr22_42523848	chr22	42523848	C	<NON_REF>	0/0	274,0	0.0	274	274	0	99	0,120,1800
chr22_42523854	chr22	42523854	C	<NON_REF>	0/0	278,0	0.0	278	278	0	99	0,120,1800
chr22_42523855	chr22	42523855	G	<NON_REF>	0/0	279,0	0.0	279	279	0	99	0,120,1800
chr22_42523858	chr22	42523858	T	<NON_REF>	0/0	284,1	0.003508771917513081	285	284	1	99	0,120,1800
chr22_42523940	chr22	42523940	T	<NON_REF>	0/0	357,2	0.005571030625150333	359	357	2	99	0,120,1800
chr22_42523943	chr22	42523943	A	<NON_REF>	0/0	362,1	0.00275482092905008	363	362	1	99	0,120,1800
chr22_42523965	chr22	42523965	G	<NON_REF>	0/0	376,1	0.0026525198868633426	377	376	1	99	0,120,1800
chr22_42524132	chr22	42524132	C	<NON_REF>	0/0	226,0	0.0	226	226	0	99	0,120,1800
chr22_42524176	chr22	42524176	C	<NON_REF>	0/0	232,0	0.0	232	232	0	99	0,120,1800
chr22_42524183	chr22	42524183	A	<NON_REF>	0/0	238,2	0.008333333298611113	240	238	2	99	0,120,1800
chr22_42524187	chr22	42524187	C	<NON_REF>	0/0	245,1	0.004065040633881949	246	245	1	99	0,120,1800
chr22_42524203	chr22	42524203	A	<NON_REF>	0/0	277,1	0.003597122289218985	278	277	1	99	0,120,1800
chr22_42524214	chr22	42524214	G	<NON_REF>	0/0	307,0	0.0	307	307	0	99	0,120,1800
chr22_42524217	chr22	42524217	G	<NON_REF>	0/0	314,0	0.0	314	314	0	99	0,120,1800
chr22_42524218	chr22	42524218	G	<NON_REF>	0/0	308,1	0.003236245944219269	309	308	1	99	0,120,1800
chr22_42524219	chr22	42524219	G	<NON_REF>	0/0	315,0	0.0	315	315	0	99	0,120,1800
chr22_42524220	chr22	42524220	G	<NON_REF>	0/0	314,1	0.003174603164525069	315	314	1	99	0,120,1800
chr22_42524237	chr22	42524237	G	<NON_REF>	0/0	356,2	0.005586592163165944	358	356	2	99	0,120,1800
chr22_42524244	chr22	42524244	T	<NON_REF>	0/0	386,1	0.002583979321488425	387	386	1	99	0,120,1800
chr22_42524251	chr22	42524251	A	<NON_REF>	0/0	404,0	0.0	404	404	0	99	0,120,1800
chr22_42524274	chr22	42524274	T	<NON_REF>	0/0	480,2	0.004149377584752328	482	480	2	99	0,120,1800
chr22_42524310	chr22	42524310	C	<NON_REF>	0/0	550,2	0.0036231883992333546	552	550	2	99	0,120,1800
chr22_42524313	chr22	42524313	G	<NON_REF>	0/0	547,2	0.0036429872429089493	549	547	2	99	0,120,1800
chr22_42524323	chr22	42524323	A	<NON_REF>	0/0	549,0	0.0	549	549	0	99	0,120,1800
chr22_42524485	chr22	42524485	C	<NON_REF>	0/0	99,0	0.0	99	99	0	99	0,120,1800
chr22_42524490	chr22	42524490	G	<NON_REF>	0/0	92,0	0.0	92	92	0	99	0,120,1800
chr22_42524502	chr22	42524502	C	<NON_REF>	0/0	76,0	0.0	76	76	0	99	0,120,1800
chr22_42524664	chr22	42524664	T	<NON_REF>	0/0	52,0	0.0	52	52	0	99	0,120,1800
chr22_42524696	chr22	42524696	T	<NON_REF>	0/0	92,0	0.0	92	92	0	99	0,120,1800
chr22_42524798	chr22	42524798	G	<NON_REF>	0/0	271,0	0.0	271	271	0	99	0,120,1800
chr22_42524814	chr22	42524814	A	<NON_REF>	0/0	306,0	0.0	306	306	0	99	0,120,1800
chr22_42524815	chr22	42524815	G	<NON_REF>	0/0	301,1	0.003311258267181264	302	301	1	99	0,120,1800
chr22_42524817	chr22	42524817	C	<NON_REF>	0/0	308,1	0.003236245944219269	309	308	1	99	0,120,1800
chr22_42524819	chr22	42524819	C	<NON_REF>	0/0	310,1	0.00321543407326227	311	310	1	99	0,120,1800
chr22_42524850	chr22	42524850	C	<NON_REF>	0/0	357,0	0.0	357	357	0	99	0,120,1800
chr22_42524905	chr22	42524905	T	<NON_REF>	0/0	360,0	0.0	360	360	0	99	0,120,1800
chr22_42524924	chr22	42524924	A	<NON_REF>	0/0	349,1	0.0028571428489795924	350	349	1	99	0,120,1800
chr22_42524935	chr22	42524935	G	<NON_REF>	0/0	332,0	0.0	332	332	0	99	0,120,1800
chr22_42524938	chr22	42524938	A	<NON_REF>	0/0	318,6	0.0185185184613626	324	318	6	99	0,120,1800
chr22_42524947	chr22	42524947	C	<NON_REF>	0/0	306,0	0.0	306	306	0	99	0,120,1800
chr22_42525035	chr22	42525035	C	<NON_REF>	0/0	222,1	0.004484304912626435	223	222	1	99	0,120,1800
chr22_42525036	chr22	42525036	G	<NON_REF>	0/0	224,0	0.0	224	224	0	99	0,120,1800
chr22_42525044	chr22	42525044	T	<NON_REF>	0/0	240,0	0.0	240	240	0	99	0,120,1800
chr22_42525058	chr22	42525058	C	<NON_REF>	0/0	250,1	0.003984063729147156	251	250	1	99	0,120,1800
chr22_42525069	chr22	42525069	G	<NON_REF>	0/0	245,1	0.004065040633881949	246	245	1	99	0,120,1800
chr22_42525073	chr22	42525073	T	<NON_REF>	0/0	252,1	0.0039525691543376715	253	252	1	99	0,120,1800
chr22_42525077	chr22	42525077	C	<NON_REF>	0/0	252,0	0.0	252	252	0	99	0,120,1800
chr22_42525086	chr22	42525086	A	<NON_REF>	0/0	252,0	0.0	252	252	0	99	0,120,1800
chr22_42525089	chr22	42525089	G	<NON_REF>	0/0	258,0	0.0	258	258	0	99	0,120,1800
chr22_42525100	chr22	42525100	T	<NON_REF>	0/0	268,0	0.0	268	268	0	99	0,120,1800
chr22_42525115	chr22	42525115	A	<NON_REF>	0/0	309,4	0.012779552674825707	313	309	4	99	0,120,1800
chr22_42525132	chr22	42525132	G	<NON_REF>	0/0	347,1	0.0028735632101334393	348	347	1	99	0,120,1800
chr22_42525134	chr22	42525134	C	<NON_REF>	0/0	358,0	0.0	358	358	0	99	0,120,1800
chr22_42525176	chr22	42525176	C	<NON_REF>	0/0	444,2	0.0044843049226809305	446	444	2	99	0,120,1800
chr22_42525182	chr22	42525182	A	<NON_REF>	0/0	448,4	0.008849557502545227	452	448	4	99	0,120,1800
chr22_42525185	chr22	42525185	C	<NON_REF>	0/0	459,2	0.004338394784515413	461	459	2	99	0,120,1800
chr22_42525195	chr22	42525195	T	<NON_REF>	0/0	450,1	0.0022172948953053328	451	450	1	99	0,120,1800
chr22_42525280	chr22	42525280	G	<NON_REF>	0/0	311,0	0.0	311	311	0	99	0,120,1800
chr22_42525299	chr22	42525299	A	<NON_REF>	0/0	304,2	0.006535947691058994	306	304	2	99	0,120,1800
chr22_42525733	chr22	42525733	T	<NON_REF>	0/0	471,0	0.0	471	471	0	99	0,120,1800
chr22_42525756	chr22	42525756	G	<NON_REF>	0/0	500,1	0.001996007980047888	501	500	1	99	0,120,1800
chr22_42525759	chr22	42525759	A	<NON_REF>	0/0	509,0	0.0	509	509	0	99	0,120,1800
chr22_42525761	chr22	42525761	C	<NON_REF>	0/0	507,0	0.0	507	507	0	99	0,120,1800
chr22_42525767	chr22	42525767	T	<NON_REF>	0/0	522,1	0.001912045885445419	523	522	1	99	0,120,1800
chr22_42525772	chr22	42525772	G	<NON_REF>	0/0	541,0	0.0	541	541	0	99	0,120,1800
chr22_42525773	chr22	42525773	T	<NON_REF>	0/0	547,0	0.0	547	547	0	99	0,120,1800
chr22_42525781	chr22	42525781	A	<NON_REF>	0/0	525,2	0.0037950664064609744	527	525	2	99	0,120,1800
chr22_42525782	chr22	42525782	C	<NON_REF>	0/0	523,1	0.0019083969429229066	524	523	1	99	0,120,1800
chr22_42525798	chr22	42525798	G	<NON_REF>	0/0	533,2	0.003738317750021836	535	533	2	99	0,120,1800
chr22_42525811	chr22	42525811	T	<NON_REF>	0/0	496,1	0.0020120724305592104	497	496	1	99	0,120,1800
chr22_42525821	chr22	42525821	G	<NON_REF>	0/0	483,0	0.0	483	483	0	99	0,120,1800
chr22_42525823	chr22	42525823	G	<NON_REF>	0/0	481,2	0.004140786740909344	483	481	2	99	0,120,1800
chr22_42525829	chr22	42525829	C	<NON_REF>	0/0	461,1	0.002164502159817095	462	461	1	99	0,120,1800
chr22_42525838	chr22	42525838	G	<NON_REF>	0/0	443,1	0.002252252247179612	444	443	1	99	0,120,1800
chr22_42525908	chr22	42525908	G	<NON_REF>	0/0	229,0	0.0	229	229	0	99	0,120,1800
chr22_42525912	chr22	42525912	C	<NON_REF>	0/0	212,0	0.0	212	212	0	99	0,120,1800
chr22_42525946	chr22	42525946	A	<NON_REF>	0/0	156,0	0.0	156	156	0	99	0,120,1800
chr22_42525952	chr22	42525952	C	<NON_REF>	0/0	152,1	0.006535947669699688	153	152	1	99	0,120,1800
chr22_42526049	chr22	42526049	C	<NON_REF>	0/0	25,4	0.13793102972651622	29	25	4	16	0,16,720
chr22_42526484	chr22	42526484	A	<NON_REF>	0/0	106,1	0.009345794305179492	107	106	1	99	0,120,1800
chr22_42526514	chr22	42526514	C	<NON_REF>	0/0	178,1	0.005586592147560938	179	178	1	99	0,120,1800
chr22_42526549	chr22	42526549	C	<NON_REF>	0/0	277,2	0.007168458755668607	279	277	2	99	0,120,1800
chr22_42526561	chr22	42526561	G	<NON_REF>	0/0	301,2	0.006600660044222243	303	301	2	99	0,120,1800
chr22_42526562	chr22	42526562	G	<NON_REF>	0/0	305,1	0.003267973845529497	306	305	1	99	0,120,1800
chr22_42526567	chr22	42526567	G	<NON_REF>	0/0	310,1	0.00321543407326227	311	310	1	99	0,120,1800
chr22_42526571	chr22	42526571	C	<NON_REF>	0/0	330,1	0.003021148027126441	331	330	1	99	0,120,1800
chr22_42526573	chr22	42526573	T	<NON_REF>	0/0	333,2	0.005970149235910004	335	333	2	99	0,120,1800
chr22_42526580	chr22	42526580	G	<NON_REF>	0/0	347,1	0.0028735632101334393	348	347	1	99	0,120,1800
chr22_42526657	chr22	42526657	A	<NON_REF>	0/0	493,3	0.0060483870845798645	496	493	3	99	0,120,1800
chr22_42526669	chr22	42526669	C	<NON_REF>	0/0	500,2	0.003984063737083539	502	500	2	99	0,120,1800
chr22_42526670	chr22	42526670	C	<NON_REF>	0/0	499,1	0.001999999996	500	499	1	99	0,120,1800
chr22_42526692	chr22	42526692	T	<NON_REF>	0/0	481,0	0.0	481	481	0	99	0,120,1800
chr22_42526694	chr22	42526694	G	<NON_REF>	0/0	463,2	0.00430107525956758	465	463	2	99	0,120,1800
chr22_42526712	chr22	42526712	G	<NON_REF>	0/0	390,2	0.00510204080331112	392	390	2	99	0,120,1800
chr22_42526717	chr22	42526717	C	<NON_REF>	0/0	367,1	0.002717391296963611	368	367	1	99	0,120,1800
chr22_42526721	chr22	42526721	G	<NON_REF>	0/0	348,2	0.005714285697959185	350	348	2	99	0,120,1800
chr22_42526763	chr22	42526763	C	T	0/1	156,88,0	0.3606557362268207	244	156	88	99	2518,0,4946,2986,5210,8197
chr22_42526775	chr22	42526775	C	<NON_REF>	0/0	201,2	0.009852216700235386	203	201	2	99	0,120,1800
chr22_42526776	chr22	42526776	C	<NON_REF>	0/0	201,1	0.004950495024997549	202	201	1	99	0,120,1800
chr22_42526780	chr22	42526780	G	<NON_REF>	0/0	185,1	0.0053763440571164296	186	185	1	99	0,120,1800
chrX_153760261	chrX	153760261	A	<NON_REF>	0/0	146,1	0.00680272104215836	147	146	1	99	0,120,1800
chrX_153760273	chrX	153760273	T	<NON_REF>	0/0	147,0	0.0	147	147	0	99	0,120,1800
chrX_153760297	chrX	153760297	G	<NON_REF>	0/0	135,1	0.007352941122404845	136	135	1	99	0,120,1800
chrX_153760298	chrX	153760298	G	<NON_REF>	0/0	134,0	0.0	134	134	0	99	0,120,1800
chrX_153760300	chrX	153760300	C	<NON_REF>	0/0	130,0	0.0	130	130	0	99	0,120,1800
chrX_153760301	chrX	153760301	C	<NON_REF>	0/0	129,0	0.0	129	129	0	99	0,120,1800
chrX_153760418	chrX	153760418	G	<NON_REF>	0/0	150,0	0.0	150	150	0	99	0,120,1800
chrX_153760446	chrX	153760446	T	<NON_REF>	0/0	177,0	0.0	177	177	0	99	0,120,1800
chrX_153760460	chrX	153760460	G	<NON_REF>	0/0	183,2	0.010810810752373995	185	183	2	99	0,120,1800
chrX_153760472	chrX	153760472	C	<NON_REF>	0/0	193,1	0.005154639148687428	194	193	1	99	0,120,1800
chrX_153760473	chrX	153760473	G	<NON_REF>	0/0	195,1	0.00510204079029571	196	195	1	99	0,120,1800
chrX_153760479	chrX	153760479	C	<NON_REF>	0/0	203,1	0.004901960760284506	204	203	1	99	0,120,1800
chrX_153760480	chrX	153760480	C	<NON_REF>	0/0	206,0	0.0	206	206	0	99	0,120,1800
chrX_153760484	chrX	153760484	C	<NON_REF>	0/0	215,0	0.0	215	215	0	99	0,120,1800
chrX_153760493	chrX	153760493	T	<NON_REF>	0/0	231,0	0.0	231	231	0	99	0,120,1800
chrX_153760494	chrX	153760494	C	<NON_REF>	0/0	231,0	0.0	231	231	0	99	0,120,1800
chrX_153760604	chrX	153760604	C	<NON_REF>	0/0	349,0	0.0	349	349	0	99	0,120,1800
chrX_153760605	chrX	153760605	G	<NON_REF>	0/0	345,2	0.005763688744196862	347	345	2	99	0,120,1800
chrX_153760607	chrX	153760607	A	<NON_REF>	0/0	356,0	0.0	356	356	0	99	0,120,1800
chrX_153760618	chrX	153760618	C	<NON_REF>	0/0	376,0	0.0	376	376	0	99	0,120,1800
chrX_153760623	chrX	153760623	T	<NON_REF>	0/0	397,0	0.0	397	397	0	99	0,120,1800
chrX_153760626	chrX	153760626	C	<NON_REF>	0/0	391,1	0.00255102040165556	392	391	1	99	0,120,1800
chrX_153760647	chrX	153760647	G	<NON_REF>	0/0	434,0	0.0	434	434	0	99	0,120,1800
chrX_153760649	chrX	153760649	C	<NON_REF>	0/0	427,0	0.0	427	427	0	99	0,120,1800
chrX_153760654	chrX	153760654	G	<NON_REF>	0/0	441,2	0.004514672676039114	443	441	2	99	0,120,1800
chrX_153760673	chrX	153760673	A	<NON_REF>	0/0	466,0	0.0	466	466	0	99	0,120,1800
chrX_153760674	chrX	153760674	C	<NON_REF>	0/0	460,0	0.0	460	460	0	99	0,120,1800
chrX_153760785	chrX	153760785	G	<NON_REF>	0/0	397,0	0.0	397	397	0	99	0,120,1800
chrX_153760805	chrX	153760805	G	<NON_REF>	0/0	374,1	0.0026666666595555554	375	374	1	99	0,120,1800
chrX_153760823	chrX	153760823	C	<NON_REF>	0/0	355,1	0.002808988756154527	356	355	1	99	0,120,1800
chrX_153760838	chrX	153760838	T	<NON_REF>	0/0	323,1	0.003086419743560433	324	323	1	99	0,120,1800
chrX_153760840	chrX	153760840	C	<NON_REF>	0/0	322,0	0.0	322	322	0	99	0,120,1800
chrX_153760841	chrX	153760841	C	<NON_REF>	0/0	320,1	0.0031152647878029136	321	320	1	99	0,120,1800
chrX_153760843	chrX	153760843	G	<NON_REF>	0/0	318,1	0.0031347962284175666	319	318	1	99	0,120,1800
chrX_153760844	chrX	153760844	G	<NON_REF>	0/0	319,0	0.0	319	319	0	99	0,120,1800
chrX_153760849	chrX	153760849	T	<NON_REF>	0/0	318,1	0.0031347962284175666	319	318	1	99	0,120,1800
chrX_153760854	chrX	153760854	C	<NON_REF>	0/0	312,0	0.0	312	312	0	99	0,120,1800
chrX_153760864	chrX	153760864	G	<NON_REF>	0/0	311,0	0.0	311	311	0	99	0,120,1800
chrX_153760876	chrX	153760876	T	<NON_REF>	0/0	302,0	0.0	302	302	0	99	0,120,1800
chrX_153760877	chrX	153760877	C	<NON_REF>	0/0	304,0	0.0	304	304	0	99	0,120,1800
chrX_153760882	chrX	153760882	G	<NON_REF>	0/0	307,0	0.0	307	307	0	99	0,120,1800
chrX_153760889	chrX	153760889	C	<NON_REF>	0/0	302,1	0.0033003300221111213	303	302	1	99	0,120,1800
chrX_153760891	chrX	153760891	C	<NON_REF>	0/0	300,2	0.006622516534362528	302	300	2	99	0,120,1800
chrX_153760892	chrX	153760892	G	<NON_REF>	0/0	300,0	0.0	300	300	0	99	0,120,1800
chrX_153760894	chrX	153760894	A	<NON_REF>	0/0	302,2	0.006578947346779778	304	302	2	99	0,120,1800
chrX_153760903	chrX	153760903	T	<NON_REF>	0/0	299,1	0.0033333333222222233	300	299	1	99	0,120,1800
chrX_153760907	chrX	153760907	T	<NON_REF>	0/0	290,2	0.006849315045036592	292	290	2	99	0,120,1800
chrX_153760909	chrX	153760909	C	<NON_REF>	0/0	282,0	0.0	282	282	0	99	0,120,1800
chrX_153760910	chrX	153760910	G	<NON_REF>	0/0	282,0	0.0	282	282	0	99	0,120,1800
chrX_153760913	chrX	153760913	T	<NON_REF>	0/0	287,1	0.0034722222101658947	288	287	1	99	0,120,1800
chrX_153760914	chrX	153760914	G	<NON_REF>	0/0	287,1	0.0034722222101658947	288	287	1	99	0,120,1800
chrX_153760915	chrX	153760915	C	<NON_REF>	0/0	284,0	0.0	284	284	0	99	0,120,1800
chrX_153760916	chrX	153760916	A	<NON_REF>	0/0	282,1	0.0035335688921075306	283	282	1	99	0,120,1800
chrX_153760928	chrX	153760928	A	<NON_REF>	0/0	284,2	0.00699300696855592	286	284	2	99	0,120,1800
chrX_153760930	chrX	153760930	A	<NON_REF>	0/0	291,0	0.0	291	291	0	99	0,120,1800
chrX_153760931	chrX	153760931	T	<NON_REF>	0/0	292,2	0.006802721065296867	294	292	2	99	0,120,1800
chrX_153760937	chrX	153760937	C	<NON_REF>	0/0	293,1	0.0034013605326484336	294	293	1	99	0,120,1800
chrX_153760968	chrX	153760968	G	<NON_REF>	0/0	304,0	0.0	304	304	0	99	0,120,1800
chrX_153760973	chrX	153760973	T	<NON_REF>	0/0	303,0	0.0	303	303	0	99	0,120,1800
chrX_153760980	chrX	153760980	G	<NON_REF>	0/0	301,2	0.006600660044222243	303	301	2	99	0,120,1800
chrX_153760987	chrX	153760987	G	<NON_REF>	0/0	302,0	0.0	302	302	0	99	0,120,1800
chrX_153760988	chrX	153760988	C	<NON_REF>	0/0	302,0	0.0	302	302	0	99	0,120,1800
chrX_153761012	chrX	153761012	G	<NON_REF>	0/0	315,0	0.0	315	315	0	99	0,120,1800
chrX_153761017	chrX	153761017	C	<NON_REF>	0/0	310,2	0.0064102563897107155	312	310	2	99	0,120,1800
chrX_153761160	chrX	153761160	C	<NON_REF>	0/0	536,0	0.0	536	536	0	99	0,120,1800
chrX_153761171	chrX	153761171	T	<NON_REF>	0/0	541,6	0.010968921369343836	547	541	6	99	0,120,1800
chrX_153761184	chrX	153761184	G	<NON_REF>	0/0	537,2	0.0037105751322623844	539	537	2	99	0,120,1800
chrX_153761202	chrX	153761202	T	<NON_REF>	0/0	520,1	0.0019193857928610641	521	520	1	99	0,120,1800
chrX_153761204	chrX	153761204	G	<NON_REF>	0/0	516,1	0.0019342359730479	517	516	1	99	0,120,1800
chrX_153761205	chrX	153761205	C	<NON_REF>	0/0	514,2	0.0038759689847364938	516	514	2	99	0,120,1800
chrX_153761206	chrX	153761206	G	<NON_REF>	0/0	515,1	0.0019379844923682469	516	515	1	99	0,120,1800
chrX_153761219	chrX	153761219	C	<NON_REF>	0/0	507,0	0.0	507	507	0	99	0,120,1800
chrX_153761230	chrX	153761230	G	<NON_REF>	0/0	501,0	0.0	501	501	0	99	0,120,1800
chrX_153761231	chrX	153761231	G	<NON_REF>	0/0	499,1	0.001999999996	500	499	1	99	0,120,1800
chrX_153761240	chrX	153761240	A	<NON_REF>	0/0	458,0	0.0	458	458	0	99	0,120,1800
chrX_153761244	chrX	153761244	A	<NON_REF>	0/0	442,1	0.002257336338019557	443	442	1	99	0,120,1800
chrX_153761246	chrX	153761246	C	<NON_REF>	0/0	447,1	0.0022321428521603955	448	447	1	99	0,120,1800
chrX_153761259	chrX	153761259	C	<NON_REF>	0/0	409,0	0.0	409	409	0	99	0,120,1800
chrX_153761279	chrX	153761279	C	<NON_REF>	0/0	380,1	0.002624671909121596	381	380	1	99	0,120,1800
chrX_153761287	chrX	153761287	C	<NON_REF>	0/0	362,1	0.00275482092905008	363	362	1	99	0,120,1800
chrX_153761292	chrX	153761292	C	<NON_REF>	0/0	361,0	0.0	361	361	0	99	0,120,1800
chrX_153761298	chrX	153761298	C	<NON_REF>	0/0	359,0	0.0	359	359	0	99	0,120,1800
chrX_153761337	chrX	153761337	C	<NON_REF>	0/0	263,1	0.0037878787735307617	264	263	1	99	0,120,1800
chrX_153761801	chrX	153761801	C	<NON_REF>	0/0	131,0	0.0	131	131	0	99	0,120,1800
chrX_153761802	chrX	153761802	G	<NON_REF>	0/0	134,1	0.007407407352537723	135	134	1	99	0,120,1800
chrX_153761804	chrX	153761804	A	<NON_REF>	0/0	138,0	0.0	138	138	0	99	0,120,1800
chrX_153761806	chrX	153761806	G	<NON_REF>	0/0	138,0	0.0	138	138	0	99	0,120,1800
chrX_153761807	chrX	153761807	T	<NON_REF>	0/0	141,1	0.007042253471533427	142	141	1	99	0,120,1800
chrX_153761811	chrX	153761811	C	<NON_REF>	0/0	145,0	0.0	145	145	0	99	0,120,1800
chrX_153761820	chrX	153761820	T	<NON_REF>	0/0	149,0	0.0	149	149	0	99	0,120,1800
chrX_153761822	chrX	153761822	G	<NON_REF>	0/0	152,0	0.0	152	152	0	99	0,120,1800
chrX_153761823	chrX	153761823	A	<NON_REF>	0/0	151,0	0.0	151	151	0	99	0,120,1800
chrX_153761829	chrX	153761829	G	<NON_REF>	0/0	162,0	0.0	162	162	0	99	0,120,1800
chrX_153761830	chrX	153761830	C	<NON_REF>	0/0	162,0	0.0	162	162	0	99	0,120,1800
chrX_153761834	chrX	153761834	T	<NON_REF>	0/0	166,1	0.005988023916239378	167	166	1	99	0,120,1800
chrX_153761835	chrX	153761835	C	<NON_REF>	0/0	169,0	0.0	169	169	0	99	0,120,1800
chrX_153761844	chrX	153761844	C	<NON_REF>	0/0	171,1	0.005813953454570038	172	171	1	99	0,120,1800
chrX_153761849	chrX	153761849	C	<NON_REF>	0/0	169,2	0.011695906364351423	171	169	2	99	0,120,1800
chrX_153762251	chrX	153762251	G	<NON_REF>	0/0	72,0	0.0	72	72	0	99	0,120,1800
chrX_153762291	chrX	153762291	A	<NON_REF>	0/0	96,0	0.0	96	96	0	99	0,120,1800
chrX_153762307	chrX	153762307	T	<NON_REF>	0/0	90,3	0.03225806416926813	93	90	3	99	0,120,1800
chrX_153762317	chrX	153762317	G	<NON_REF>	0/0	93,1	0.010638297759167043	94	93	1	99	0,120,1800
chrX_153762325	chrX	153762325	C	<NON_REF>	0/0	96,0	0.0	96	96	0	99	0,120,1800
chrX_153762335	chrX	153762335	T	<NON_REF>	0/0	97,1	0.01020408152852978	98	97	1	99	0,120,1800
chrX_153762340	chrX	153762340	C	<NON_REF>	0/0	94,0	0.0	94	94	0	99	0,120,1800
chrX_153762341	chrX	153762341	G	<NON_REF>	0/0	93,3	0.031249999674479167	96	93	3	99	0,120,1800
chrX_153762372	chrX	153762372	A	<NON_REF>	0/0	89,0	0.0	89	89	0	99	0,120,1800
chrX_153762560	chrX	153762560	C	<NON_REF>	0/0	151,0	0.0	151	151	0	99	0,120,1800
chrX_153762563	chrX	153762563	T	<NON_REF>	0/0	155,1	0.006410256369165025	156	155	1	99	0,120,1800
chrX_153762602	chrX	153762602	T	<NON_REF>	0/0	200,2	0.009900990049995098	202	200	2	99	0,120,1800
chrX_153762604	chrX	153762604	C	<NON_REF>	0/0	207,0	0.0	207	207	0	99	0,120,1800
chrX_153762605	chrX	153762605	G	<NON_REF>	0/0	211,0	0.0	211	211	0	99	0,120,1800
chrX_153762624	chrX	153762624	G	<NON_REF>	0/0	226,0	0.0	226	226	0	99	0,120,1800
chrX_153762634	chrX	153762634	G	<NON_REF>	0/0	243,0	0.0	243	243	0	99	0,120,1800
chrX_153762653	chrX	153762653	G	<NON_REF>	0/0	223,0	0.0	223	223	0	99	0,120,1800
chrX_153762655	chrX	153762655	T	<NON_REF>	0/0	217,0	0.0	217	217	0	99	0,120,1800
chrX_153762662	chrX	153762662	T	<NON_REF>	0/0	212,0	0.0	212	212	0	99	0,120,1800
chrX_153762670	chrX	153762670	T	<NON_REF>	0/0	208,0	0.0	208	208	0	99	0,120,1800
chrX_153762678	chrX	153762678	G	<NON_REF>	0/0	199,0	0.0	199	199	0	99	0,120,1800
chrX_153762680	chrX	153762680	A	<NON_REF>	0/0	194,1	0.0051282051019066405	195	194	1	99	0,120,1800
chrX_153762683	chrX	153762683	G	<NON_REF>	0/0	192,0	0.0	192	192	0	99	0,120,1800
chrX_153762700	chrX	153762700	C	<NON_REF>	0/0	164,0	0.0	164	164	0	99	0,120,1800
chrX_153762701	chrX	153762701	G	<NON_REF>	0/0	160,0	0.0	160	160	0	99	0,120,1800
chrX_153762704	chrX	153762704	T	<NON_REF>	0/0	154,0	0.0	154	154	0	99	0,120,1800
chrX_153762709	chrX	153762709	C	<NON_REF>	0/0	144,1	0.0068965516765755065	145	144	1	99	0,120,1800
chrX_153762710	chrX	153762710	C	<NON_REF>	0/0	142,0	0.0	142	142	0	99	0,120,1800
chrX_153763391	chrX	153763391	C	<NON_REF>	0/0	44,0	0.0	44	44	0	99	0,120,1800
chrX_153763395	chrX	153763395	C	<NON_REF>	0/0	55,0	0.0	55	55	0	99	0,120,1800
chrX_153763402	chrX	153763402	C	<NON_REF>	0/0	66,0	0.0	66	66	0	99	0,120,1800
chrX_153763405	chrX	153763405	G	<NON_REF>	0/0	68,0	0.0	68	68	0	99	0,120,1800
chrX_153763426	chrX	153763426	C	<NON_REF>	0/0	78,0	0.0	78	78	0	99	0,120,1800
chrX_153763459	chrX	153763459	G	<NON_REF>	0/0	106,0	0.0	106	106	0	99	0,120,1800
chrX_153763462	chrX	153763462	G	<NON_REF>	0/0	108,1	0.009174311842437506	109	108	1	99	0,120,1800
chrX_153763464	chrX	153763464	T	<NON_REF>	0/0	110,0	0.0	110	110	0	99	0,120,1800
chrX_153763476	chrX	153763476	C	<NON_REF>	0/0	126,1	0.007874015686031372	127	126	1	99	0,120,1800
chrX_153763484	chrX	153763484	G	<NON_REF>	0/0	138,0	0.0	138	138	0	99	0,120,1800
chrX_153763485	chrX	153763485	A	<NON_REF>	0/0	139,0	0.0	139	139	0	99	0,120,1800
chrX_153763489	chrX	153763489	C	<NON_REF>	0/0	143,0	0.0	143	143	0	99	0,120,1800
chrX_153763492	chrX	153763492	T	<NON_REF>	0/0	148,0	0.0	148	148	0	99	0,120,1800
chrX_153763493	chrX	153763493	C	<NON_REF>	0/0	146,0	0.0	146	146	0	99	0,120,1800
chrX_153763516	chrX	153763516	A	<NON_REF>	0/0	159,0	0.0	159	159	0	99	0,120,1800
chrX_153763531	chrX	153763531	C	<NON_REF>	0/0	163,0	0.0	163	163	0	99	0,120,1800
chrX_153763545	chrX	153763545	A	<NON_REF>	0/0	182,0	0.0	182	182	0	99	0,120,1800
chrX_153763551	chrX	153763551	G	<NON_REF>	0/0	183,0	0.0	183	183	0	99	0,120,1800
chrX_153763557	chrX	153763557	C	<NON_REF>	0/0	191,0	0.0	191	191	0	99	0,120,1800
chrX_153763585	chrX	153763585	T	<NON_REF>	0/0	201,0	0.0	201	201	0	99	0,120,1800
chrX_153763594	chrX	153763594	G	<NON_REF>	0/0	197,0	0.0	197	197	0	99	0,120,1800
chrX_153764177	chrX	153764177	C	<NON_REF>	0/0	240,0	0.0	240	240	0	99	0,120,1800
chrX_153764178	chrX	153764178	G	<NON_REF>	0/0	240,2	0.008264462775766682	242	240	2	99	0,120,1800
chrX_153764195	chrX	153764195	A	<NON_REF>	0/0	250,1	0.003984063729147156	251	250	1	99	0,120,1800
chrX_153764210	chrX	153764210	T	<NON_REF>	0/0	258,0	0.0	258	258	0	99	0,120,1800
chrX_153764211	chrX	153764211	A	<NON_REF>	0/0	263,0	0.0	263	263	0	99	0,120,1800
chrX_153764217	chrX	153764217	C	<NON_REF>	0/0	283,0	0.0	283	283	0	99	0,120,1800
chrX_153764223	chrX	153764223	A	<NON_REF>	0/0	299,3	0.009933774801543793	302	299	3	99	0,120,1800
chrX_153764234	chrX	153764234	G	<NON_REF>	0/0	306,1	0.003257328979617821	307	306	1	99	0,120,1800
chrX_153764237	chrX	153764237	A	<NON_REF>	0/0	312,2	0.006369426731307558	314	312	2	99	0,120,1800
chrX_153764240	chrX	153764240	A	<NON_REF>	0/0	316,0	0.0	316	316	0	99	0,120,1800
chrX_153764247	chrX	153764247	C	<NON_REF>	0/0	313,0	0.0	313	313	0	99	0,120,1800
chrX_153764249	chrX	153764249	C	<NON_REF>	0/0	313,0	0.0	313	313	0	99	0,120,1800
chrX_153764250	chrX	153764250	G	<NON_REF>	0/0	311,0	0.0	311	311	0	99	0,120,1800
chrX_153764260	chrX	153764260	C	<NON_REF>	0/0	313,0	0.0	313	313	0	99	0,120,1800
chrX_153764366	chrX	153764366	G	<NON_REF>	0/0	283,1	0.0035211267481650467	284	283	1	99	0,120,1800
chrX_153764371	chrX	153764371	A	<NON_REF>	0/0	278,0	0.0	278	278	0	99	0,120,1800
chrX_153764383	chrX	153764383	G	<NON_REF>	0/0	260,1	0.0038314176098413117	261	260	1	99	0,120,1800
chrX_153764384	chrX	153764384	C	<NON_REF>	0/0	259,1	0.003846153831360947	260	259	1	99	0,120,1800
chrX_153774261	chrX	153774261	A	<NON_REF>	0/0	202,0	0.0	202	202	0	99	0,120,1800
chrX_153774266	chrX	153774266	G	<NON_REF>	0/0	206,0	0.0	206	206	0	99	0,120,1800
chrX_153774272	chrX	153774272	T	<NON_REF>	0/0	202,1	0.004926108350117693	203	202	1	99	0,120,1800
chrX_153774276	chrX	153774276	T	<NON_REF>	0/0	211,0	0.0	211	211	0	99	0,120,1800
chrX_153774331	chrX	153774331	C	<NON_REF>	0/0	170,1	0.0058479531821757115	171	170	1	99	0,120,1800
chrX_153774337	chrX	153774337	C	<NON_REF>	0/0	165,1	0.006024096349252432	166	165	1	99	0,120,1800
chrX_153774346	chrX	153774346	G	<NON_REF>	0/0	152,1	0.006535947669699688	153	152	1	99	0,120,1800
