fields	rsid	SYMBOL	alleles	af	af_afr	af_afr_female	af_afr_male	af_amr	af_amr_female	af_amr_male	af_asj	af_asj_female	af_asj_male	af_eas	af_eas_female	af_eas_jpn	af_eas_kor	af_eas_male	af_eas_oea	af_female	af_fin	af_fin_female	af_fin_male	af_male	af_nfe	af_nfe_bgr	af_nfe_est	af_nfe_female	af_nfe_male	af_nfe_nwe	af_nfe_onf	af_nfe_seu	af_nfe_swe	af_oth	af_oth_female	af_oth_male	af_popmax	af_raw	af_sas	af_sas_female	af_sas_male	an	an_afr	an_afr_female	an_afr_male	an_amr	an_amr_female	an_amr_male	an_asj	an_asj_female	an_asj_male	an_eas	an_eas_female	an_eas_jpn	an_eas_kor	an_eas_male	an_eas_oea	an_female	an_fin	an_fin_female	an_fin_male	an_male	an_nfe	an_nfe_bgr	an_nfe_est	an_nfe_female	an_nfe_male	an_nfe_nwe	an_nfe_onf	an_nfe_seu	an_nfe_swe	an_oth	an_oth_female	an_oth_male	an_popmax	an_raw	an_sas	an_sas_female	an_sas_male
chr1:97915746G>A	rs59086055	DPYD	DPYD_c.1774C>T	0.000143395	6.15157e-05	9.93049e-05	0.0	0.0	0.0	0.0	0.0	0.0	0.0	0.00174064	0.0016091	0.00657895	0.00052521	0.00187597	0.00201054	0.000156022	0.0	0.0	0.0	0.000132659	8.81104e-06	0.0	0.0	1.99904e-05	0.0	0.0	3.23499e-05	0.0	0.0	0.000163345	0.0003427	0.0	0.00174064	0.000143147	3.26733e-05	0.0	4.33614e-05	251054	16256	10070	6186	34498	20238	14260	10078	4898	5180	18384	9322	152	3808	9062	14424	115368	21616	10354	11262	135686	113494	2668	242	50024	63470	42078	30912	11492	26102	6122	2918	3204	18384	251490	30606	7544	23062
chr19:38942490C>G	rs118192116	RYR1	RYR1_c.1209C>G	3.97703e-06	0.0	0.0	0.0	0.0	0.0	0.0	0.0	0.0	0.0	0.0	0.0	0.0	0.0	0.0	0.0	0.0	0.0	0.0	0.0	7.35803e-06	8.79275e-06	0.0	0.0	0.0	1.57238e-05	0.0	0.0	8.69263e-05	0.0	0.0	0.0	0.0	8.79275e-06	3.97621e-06	0.0	0.0	0.0	251444	16254	10068	6186	34590	20268	14322	10078	4900	5178	18392	9326	152	3818	9066	14422	115538	21646	10374	11272	135906	113730	2670	242	50132	63598	42194	30988	11504	26132	6138	2926	3212	113730	251496	30616	7544	23072
chr19:38990310C>T	rs193922803	RYR1	RYR1_c.7063C>T	2.08859e-05	0.0	0.0	0.0	0.0	0.0	0.0	9.99001e-05	0.0	0.000193498	0.0	0.0	0.0	0.0	0.0	0.0	9.20285e-06	0.0	0.0	0.0	3.05965e-05	3.58153e-05	0.0	0.0	2.05196e-05	4.76569e-05	0.0	3.32425e-05	0.0	0.0001155	0.0	0.0	0.0	3.58153e-05	3.58189e-05	0.0	0.0	0.0	239396	15922	9852	6070	34468	20196	14272	10010	4842	5168	18300	9260	128	3818	9040	14354	108662	12468	5404	7064	130734	111684	2596	228	48734	62950	41446	30082	11358	25974	6022	2852	3170	111684	251264	30522	7522	23000
chrX:153761820T>A	null	G6PD	G6PD_Chinese-1																																																																												
chrX:153761292C>T		G6PD	G6PD_Seoul																																																																												
chr19:38985204C>T	rs118192175	RYR1	RYR1_c.6487C>T	1.19778e-05	0.0	0.0	0.0	0.0	0.0	0.0	0.0	0.0	0.0	0.0	0.0	0.0	0.0	0.0	0.0	8.70277e-06	0.0	0.0	0.0	1.47538e-05	8.86006e-06	0.0	0.0	0.0	1.58048e-05	0.0	3.24296e-05	0.0	0.0	0.000163132	0.0	0.000311526	3.26669e-05	1.59053e-05	3.26669e-05	0.000132591	0.0	250464	16224	10040	6184	34588	20266	14322	10058	4884	5174	18368	9306	152	3818	9062	14398	114906	21618	10354	11264	135558	112866	2670	236	49594	63272	41540	30836	11468	26116	6130	2920	3210	30612	251488	30612	7542	23070
chrX:153762341G>A	rs1557230213	G6PD	G6PD_Radlowo	5.45917e-06	7.60167e-05	9.93443e-05	0.0	0.0	0.0	0.0	0.0	0.0	0.0	0.0	0.0	0.0	0.0	0.0	0.0	8.65801e-06	0.0	0.0	0.0	0.0	0.0	0.0	0.0	0.0	0.0	0.0	0.0	0.0	0.0	0.0	0.0	0.0	7.60167e-05	5.44867e-06	0.0	0.0	0.0	183178	13155	10066	3089	27420	20266	7154	7485	4898	2587	13860	9328	122	2887	4532	10851	115500	15962	10368	5594	67678	81692	1979	196	50106	31586	30654	22653	7049	19161	4529	2924	1605	13155	183531	19075	7544	11531
chr6:18130918T>G	rs1142345	TPMT	TPMT_*41																																																																												
chrX:153760909C>T	rs137852321	G6PD	G6PD_Beverly Hills, Genova, Iwate, Niigata, Yamaguchi																																																																												
chrX:153764234G>A		G6PD	G6PD_Musashino																																																																												
chr19:41518370C>T	rs34097093	CYP2B6	CYP2B6_*28	0.00010747	0.000553642	0.000794439	0.000161655	0.000404765	0.000345338	0.000488895	0.0	0.0	0.0	0.0	0.0	0.0	0.0	0.0	0.0	0.000147227	4.61979e-05	0.0	8.86997e-05	7.36561e-05	1.76152e-05	0.0	0.0	1.99736e-05	1.5755e-05	2.3762e-05	0.0	8.70777e-05	0.0	0.000162973	0.00034153	0.0	0.000553642	0.000107358	0.0	0.0	0.0	251234	16256	10070	6186	34588	20270	14318	10068	4894	5174	18392	9326	152	3818	9066	14422	115468	21646	10372	11274	135766	113538	2668	242	50066	63472	42084	30930	11484	26130	6136	2928	3208	16256	251494	30610	7542	23068
chrX:153774272T>C	rs1163458456	G6PD	G6PD_Honiara																																																																												
chrX:153760300C>A	null	G6PD	G6PD_Campinas																																																																												
chrX:153760889C>G	rs137852335	G6PD	G6PD_Alhambra																																																																												
chrX:153760849T>G		G6PD	G6PD_Abeno																																																																												
chrX:153764371A>G	rs76645461	G6PD	G6PD_Aures	1.0908e-05	0.0	0.0	0.0	0.0	0.0	0.0	0.0	0.0	0.0	0.00014429	0.000107204	0.0	0.0	0.000220604	0.000184298	8.65561e-06	0.0	0.0	0.0	1.47451e-05	0.0	0.0	0.0	0.0	0.0	0.0	0.0	0.0	0.0	0.0	0.0	0.0	0.00014429	1.08972e-05	0.0	0.0	0.0	183351	13156	10066	3090	27423	20270	7153	7478	4898	2580	13861	9328	122	2887	4533	10852	115532	15988	10374	5614	67819	81834	1981	197	50124	31710	30797	22655	7044	19160	4531	2928	1603	13861	183533	19080	7544	11536
chr19:38937350G>A	rs1801086	RYR1	RYR1_c.742G>A																																																																												
chrX:153760297G>A		G6PD	G6PD_Arakawa																																																																												
chr1:98348909G>A	rs72549310	DPYD	DPYD_c.61C>T	1.19574e-05	6.15839e-05	0.0	0.00016176	0.0	0.0	0.0	0.0	0.0	0.0	0.0	0.0	0.0	0.0	0.0	0.0	8.67333e-06	4.62535e-05	9.65437e-05	0.0	1.47499e-05	8.81663e-06	0.0	0.0	0.0	1.57704e-05	2.37688e-05	0.0	0.0	0.0	0.0	0.0	0.0	6.15839e-05	1.19293e-05	0.0	0.0	0.0	250890	16238	10056	6182	34512	20240	14272	10068	4892	5176	18320	9282	152	3750	9038	14418	115296	21620	10358	11262	135594	113422	2668	242	50012	63410	42072	30900	11486	26054	6104	2914	3190	16238	251482	30606	7542	23064
chr19:38939352G>A	rs121918592	RYR1	RYR1_c.1021G>A																																																																												
chr19:39071043G>A	rs118192168	RYR1	RYR1_c.14545G>A	1.59095e-05	0.0	0.0	0.0	2.89101e-05	0.0	6.98227e-05	0.0	0.0	0.0	0.0	0.0	0.0	0.0	0.0	0.0	8.65531e-06	0.0	0.0	0.0	2.20773e-05	2.63787e-05	0.0	0.0	1.9945e-05	3.14515e-05	4.73911e-05	3.22726e-05	0.0	0.0	0.0	0.0	0.0	2.89101e-05	1.59048e-05	0.0	0.0	0.0	251422	16256	10070	6186	34590	20268	14322	10080	4900	5180	18394	9328	152	3818	9066	14424	115536	21622	10362	11260	135886	113728	2670	242	50138	63590	42202	30986	11498	26130	6136	2926	3210	34590	251496	30616	7544	23072
chr19:41512828C>T	rs36056539	CYP2B6	CYP2B6_*20	0.000143221	0.00203152	0.00198807	0.0021022	5.7867e-05	4.9373e-05	6.9891e-05	0.0	0.0	0.0	0.0	0.0	0.0	0.0	0.0	0.0	0.000181802	0.0	0.0	0.0	0.000110416	0.0	0.0	0.0	0.0	0.0	0.0	0.0	0.0	0.0	0.000162973	0.0	0.000311721	0.00203152	0.000143146	0.0	0.0	0.0	251360	16244	10060	6184	34562	20254	14308	10078	4898	5180	18390	9328	152	3816	9062	14422	115510	21638	10372	11266	135850	113706	2670	242	50130	63576	42202	30970	11502	26120	6136	2928	3208	16244	251492	30606	7540	23066
chrX:153760841C>A	rs137852323	G6PD	G6PD_Riverside																																																																												
chrX:153761835C>T	null	G6PD	G6PD_Cleveland Corum																																																																												
chrX:153760785G>T		G6PD	G6PD_Georgia																																																																												
chrX:153760930A>G		G6PD	G6PD_Riley																																																																												
chr10:96741058C>G	rs28371686	CYP2C9	CYP2C9_*5	0.000820162	0.0108896	0.0107249	0.0111578	0.00060866	0.000444752	0.000841161	0.0	0.0	0.0	0.0	0.0	0.0	0.0	0.0	0.0	0.00103078	0.0	0.0	0.0	0.000641007	4.40226e-05	0.0	0.0	1.99657e-05	6.30001e-05	2.37394e-05	3.23332e-05	0.000261188	0.0	0.000326584	0.000342231	0.000312305	0.0108896	0.000819105	3.26648e-05	0.0	4.33463e-05	251170	16254	10070	6184	34502	20236	14266	10068	4892	5176	18384	9324	152	3808	9060	14424	115446	21646	10372	11274	135724	113578	2668	242	50086	63492	42124	30928	11486	26130	6124	2922	3202	16254	251494	30614	7544	23070
chr19:38986923C>G	rs118192177	RYR1	RYR1_c.6617C>G																																																																												
chrX:153764240A>G		G6PD	G6PD_Costanzo																																																																												
chrX:153764210T>C	rs782090947	G6PD	G6PD_Murcia Oristano	1.63657e-05	0.0	0.0	0.0	7.29315e-05	9.8668e-05	0.0	0.0	0.0	0.0	0.0	0.0	0.0	0.0	0.0	0.0	2.59758e-05	0.0	0.0	0.0	0.0	1.22234e-05	0.0	0.0	1.99665e-05	0.0	0.0	0.0	0.000142025	0.0	0.0	0.0	0.0	7.29315e-05	1.63458e-05	0.0	0.0	0.0	183310	13150	10068	3082	27423	20270	7153	7488	4900	2588	13860	9328	121	2887	4532	10852	115492	15979	10374	5605	67818	81810	1973	195	50084	31726	30815	22633	7041	19153	4527	2924	1603	27423	183533	19073	7544	11529
chrX:153760840C>T	rs137852336	G6PD	G6PD_Japan, Shinagawa																																																																												
chr6:18143955C>G	rs1800462	TPMT	TPMT_*2	0.00174038	0.000495847	0.000402091	0.000646621	0.00347202	0.00301056	0.00412587	0.00178642	0.00142915	0.00212437	0.0	0.0	0.0	0.0	0.0	0.0	0.0015702	9.26097e-05	0.0	0.00017762	0.00188482	0.00238506	0.000749625	0.0	0.00199768	0.00269012	0.00320178	0.00229402	0.00313425	0.00103393	0.00294406	0.00309066	0.00281074	0.00347202	0.00174165	0.0	0.0	0.0	251094	16134	9948	6186	34562	20262	14300	10076	4898	5178	18380	9318	148	3816	9062	14416	115272	21596	10336	11260	135822	113624	2668	242	50058	63566	42164	30950	11486	26114	6114	2912	3202	34562	251486	30608	7540	23068
chr1:97981343A>C	rs55886062	DPYD	DPYD_*13	0.000319175	6.15915e-05	9.94036e-05	0.0	0.0	0.0	0.0	0.0	0.0	0.0	0.0	0.0	0.0	0.0	0.0	0.0	0.000329752	9.24556e-05	9.64878e-05	8.87469e-05	0.000310174	0.000653745	0.0	0.0	0.000700869	0.000616542	0.000882255	0.000486918	0.000436529	0.000651641	0.000491965	0.000343879	0.000626959	0.000653745	0.000318114	0.0	0.0	0.0	250646	16236	10060	6176	34442	20212	14230	10052	4888	5164	18388	9326	152	3812	9062	14424	115238	21632	10364	11268	135408	113194	2668	240	49938	63256	41938	30806	11454	26088	6098	2908	3190	113194	251482	30604	7542	23062
chr19:41518244C>T	rs34826503	CYP2B6	CYP2B6_*19	0.000214862	0.00233817	0.00248262	0.00210288	0.0	0.0	0.0	0.0	0.0	0.0	0.000543774	0.000643363	0.0	0.000524384	0.000441306	0.000554631	0.000285744	0.0	0.0	0.0	0.000154598	4.39994e-05	0.0	0.0	1.99633e-05	6.29465e-05	0.0	6.46412e-05	0.00026096	0.0	0.000162973	0.00034153	0.0	0.00233817	0.000214715	0.0	0.0	0.0	251324	16252	10070	6182	34582	20264	14318	10074	4894	5180	18390	9326	152	3814	9064	14424	115488	21640	10370	11270	135836	113638	2668	242	50092	63546	42162	30940	11496	26130	6136	2928	3208	16252	251496	30612	7544	23068
chrX:153760844G>A		G6PD	G6PD_Utrecht																																																																												
chrX:153760418G>C	rs137852348	G6PD	G6PD_Split																																																																												
chrX:153760460G>C	rs137852344	G6PD	G6PD_Neapolis	0.0	0.0	0.0	0.0	0.0	0.0	0.0	0.0	0.0	0.0	0.0	0.0	0.0	0.0	0.0	0.0	0.0	0.0	0.0	0.0	0.0	0.0	0.0	0.0	0.0	0.0	0.0	0.0	0.0	0.0	0.0	0.0	0.0		5.44873e-06	0.0	0.0	0.0	182466	13065	10040	3025	27358	20248	7110	7458	4894	2564	13828	9312	122	2887	4516	10819	115240	15930	10366	5564	67226	81335	1926	183	49924	31411	30708	22438	6997	19083	4493	2912	1581		183529	18999	7544	11455
chr10:96701991G>A	rs72558189	CYP2C9	CYP2C9_*14	0.0024279	0.0	0.0	0.0	0.000144768	4.93827e-05	0.000279955	9.92457e-05	0.000204165	0.0	0.000109016	0.000214915	0.0	0.000265252	0.0	6.93289e-05	0.00110853	0.0	0.0	0.0	0.00354991	0.000123196	0.0	0.0	0.000139704	0.000110177	4.74541e-05	9.6918e-05	0.000434858	0.000153069	0.00195695	0.00205339	0.00186916	0.0188137	0.00242956	0.0188137	0.0147137	0.0201543	251246	16252	10070	6182	34538	20250	14288	10076	4898	5178	18346	9306	152	3770	9040	14424	115468	21646	10372	11274	135778	113640	2668	242	50106	63534	42146	30954	11498	26132	6132	2922	3210	30616	251486	30616	7544	23072
chrX:153762325C>T		G6PD	G6PD_Asahikawa																																																																												
chr19:39070754C>T	rs193922876	RYR1	RYR1_c.14497C>T																																																																												
chrX:153760937C>T	rs371489738	G6PD	G6PD_Montpellier	1.09903e-05	0.0	0.0	0.0	0.0	0.0	0.0	0.0	0.0	0.0	0.0	0.0	0.0	0.0	0.0	0.0	1.73518e-05	0.0	0.0	0.0	0.0	2.47054e-05	0.0	0.0	4.00561e-05	0.0	0.0	8.95536e-05	0.0	0.0	0.0	0.0	0.0	2.47054e-05	1.08979e-05	0.0	0.0	0.0	181979	13087	10056	3031	27343	20252	7091	7446	4884	2562	13757	9312	120	2865	4445	10772	115262	15926	10364	5562	66717	80954	1965	194	49930	31024	30645	22333	6960	18857	4503	2920	1583	80954	183522	18963	7544	11419
chrX:153761205C>T	rs5030869	G6PD	G6PD_Chatham	0.0001918	0.0	0.0	0.0	0.0	0.0	0.0	0.0	0.0	0.0	7.2197e-05	0.000107296	0.0	0.0	0.0	9.22169e-05	0.000104243	0.0	0.0	0.0	0.000341419	7.39463e-05	0.00101523	0.0	8.02761e-05	6.38733e-05	0.0	0.000133761	0.000142776	0.0	0.000664011	0.000342231	0.00125313	0.0013113	0.000201606	0.0013113	0.000795334	0.00164916	182482	13092	10006	3086	27396	20254	7142	7454	4888	2566	13851	9320	120	2887	4531	10844	115116	15966	10354	5612	67366	81140	1970	192	49828	31312	30444	22428	7004	19102	4518	2922	1596	19065	183526	19065	7544	11521
chr19:38937350G>C	rs1801086	RYR1	RYR1_c.742G>C	1.19432e-05	0.0	0.0	0.0	0.0	0.0	0.0	0.0	0.0	0.0	0.0	0.0	0.0	0.0	0.0	0.0	1.73259e-05	0.0	0.0	0.0	7.36627e-06	1.76134e-05	0.0	0.0	3.99553e-05	0.0	0.0	0.0	0.0	7.68108e-05	0.0	0.0	0.0	3.26627e-05	1.19286e-05	3.26627e-05	0.0	4.33426e-05	251188	16244	10062	6182	34590	20268	14322	10070	4898	5172	18392	9326	152	3818	9066	14422	115434	21598	10356	11242	135754	113550	2652	242	50056	63494	42184	30938	11496	26038	6128	2924	3204	30616	251496	30616	7544	23072
chrX:153760838T>C		G6PD	G6PD_Munich																																																																												
chr1:98015156T>C	rs111858276	DPYD	DPYD_c.1484A>G																																																																												
chrX:153761811C>G	rs137852318	G6PD	G6PD_Seattle, Lodi, Modena, Ferrara II, Athens-like	0.000703999	7.60398e-05	9.93641e-05	0.0	0.000255437	0.00029615	0.000139978	0.0	0.0	0.0	0.0	0.0	0.0	0.0	0.0	0.0	0.000683923	0.000874617	0.000674764	0.00124268	0.000738236	0.00112541	0.00151439	0.0	0.00117708	0.00104351	0.00107324	0.00114882	0.00198807	0.000835596	0.000221043	0.0	0.000625	0.00112541	0.000702879	0.000733906	0.000795334	0.000693722	183239	13151	10064	3087	27404	20260	7144	7471	4894	2577	13858	9326	122	2887	4532	10849	115510	16007	10374	5633	67729	81748	1981	197	50124	31624	30748	22632	7042	19148	4524	2924	1600	81748	183531	19076	7544	11532
chrX:153761820T>C		G6PD	G6PD_Haikou																																																																												
chr19:38990295G>A	rs193922802	RYR1	RYR1_c.7048G>A	0.0	0.0	0.0	0.0	0.0	0.0	0.0	0.0	0.0	0.0	0.0	0.0	0.0	0.0	0.0	0.0	0.0	0.0	0.0	0.0	0.0	0.0	0.0	0.0	0.0	0.0	0.0	0.0	0.0	0.0	0.0	0.0	0.0		1.99086e-05	0.0	0.0	0.0	239208	16002	9912	6090	34486	20212	14274	10022	4856	5166	18300	9268	128	3816	9032	14356	108688	12162	5260	6902	130520	111654	2602	224	48786	62868	41296	30122	11380	26030	6024	2858	3166		251148	30558	7536	23022
chr1:97547921T>C	rs141044036	DPYD	DPYD_c.2872A>G	1.99e-05	0.0	0.0	0.0	0.0	0.0	0.0	0.0	0.0	0.0	0.0	0.0	0.0	0.0	0.0	0.0	1.73208e-05	0.0	0.0	0.0	2.20933e-05	4.40226e-05	0.0	0.0	3.99393e-05	4.72426e-05	9.50074e-05	0.0	0.0	3.82643e-05	0.0	0.0	0.0	4.40226e-05	1.98812e-05	0.0	0.0	0.0	251256	16252	10068	6184	34592	20270	14322	10068	4896	5172	18390	9326	152	3814	9064	14424	115468	21638	10366	11272	135788	113578	2670	242	50076	63502	42102	30940	11490	26134	6128	2922	3206	113578	251494	30610	7544	23066
chr1:98058878C>T	rs183385770	DPYD	DPYD_c.1024G>A	3.97709e-06	6.15157e-05	0.0	0.000161655	0.0	0.0	0.0	0.0	0.0	0.0	0.0	0.0	0.0	0.0	0.0	0.0	0.0	0.0	0.0	0.0	7.35889e-06	0.0	0.0	0.0	0.0	0.0	0.0	0.0	0.0	0.0	0.0	0.0	0.0	6.15157e-05	3.97621e-06	0.0	0.0	0.0	251440	16256	10070	6186	34592	20270	14322	10080	4900	5180	18376	9316	152	3800	9060	14424	115550	21646	10374	11272	135890	113736	2670	240	50148	63588	42202	30988	11502	26134	6138	2928	3210	16256	251496	30616	7544	23072
chrX:153763485A>G	rs78365220	G6PD	G6PD_Crispim,G6PD_Vanua Lava	5.4531e-06	0.0	0.0	0.0	0.0	0.0	0.0	0.0	0.0	0.0	0.0	0.0	0.0	0.0	0.0	0.0	8.65891e-06	0.0	0.0	0.0	0.0	0.0	0.0	0.0	0.0	0.0	0.0	0.0	0.0	0.0	0.000220556	0.00034153	0.0		5.44867e-06	0.0	0.0	0.0	183382	13154	10062	3092	27424	20266	7158	7484	4898	2586	13859	9326	122	2887	4533	10850	115488	16006	10374	5632	67894	81841	1981	195	50090	31751	30813	22650	7043	19159	4534	2928	1606		183531	19080	7544	11536
chr19:38989863G>A	rs112563513	RYR1	RYR1_c.7007G>A																																																																												
chrX:153764211A>G	rs137852349	G6PD	G6PD_Namouru	2.18169e-05	0.0	0.0	0.0	0.0	0.0	0.0	0.0	0.0	0.0	0.0	0.0	0.0	0.0	0.0	0.0	2.59704e-05	0.0	0.0	0.0	1.47432e-05	0.0	0.0	0.0	0.0	0.0	0.0	0.0	0.0	0.0	0.0	0.0	0.0	0.00020971	2.17944e-05	0.00020971	0.000397667	8.67303e-05	183344	13147	10064	3083	27425	20270	7155	7488	4900	2588	13861	9328	122	2887	4533	10852	115516	15982	10374	5608	67828	81840	1974	195	50112	31728	30826	22646	7044	19155	4527	2924	1603	19074	183533	19074	7544	11530
chr19:38991538C>T	rs118192178	RYR1	RYR1_c.7522C>T																																																																												
chrX:153764195A>G	null	G6PD	G6PD_Swansea																																																																												
chrX:153760647G>A	rs1557229599	G6PD	G6PD_Telti/Kobe																																																																												
chr2:234669144G>A	rs4148323	UGT1A1	UGT1A1_*6	0.0223482	0.000861857	0.000894632	0.000808538	0.0240518	0.024371	0.0236001	0.00525794	0.0044898	0.00598456	0.1538	0.150515	0.118421	0.183604	0.157181	0.146284	0.0233339	0.0461055	0.0469533	0.0453255	0.02151	0.00198737	0.00749625	0.0123967	0.00215405	0.00185593	0.000308071	0.00158207	0.000956189	0.00497436	0.0109121	0.00751366	0.01401	0.1538	0.0223423	0.0195976	0.0198834	0.0195042	251430	16244	10060	6184	34592	20270	14322	10080	4900	5180	18394	9328	152	3818	9066	14424	115540	21646	10372	11274	135890	113718	2668	242	50138	63580	42198	30972	11504	26134	6140	2928	3212	18394	251496	30616	7544	23072
chrX:153760916A>G	rs137852322	G6PD	G6PD_Tomah																																																																												
chr19:38942482C>T	rs193922764	RYR1	RYR1_c.1201C>T	3.9775e-06	0.0	0.0	0.0	0.0	0.0	0.0	0.0	0.0	0.0	5.43774e-05	0.00010725	0.0	0.000261917	0.0	0.0	8.65681e-06	0.0	0.0	0.0	0.0	0.0	0.0	0.0	0.0	0.0	0.0	0.0	0.0	0.0	0.0	0.0	0.0	5.43774e-05	3.97621e-06	0.0	0.0	0.0	251414	16252	10066	6186	34588	20268	14320	10080	4900	5180	18390	9324	152	3818	9066	14420	115516	21646	10374	11272	135898	113704	2670	242	50114	63590	42176	30984	11502	26130	6138	2926	3212	18390	251496	30616	7544	23072
chr19:16008388A>C	rs3093105	CYP4F2	CYP4F2_*2	0.155868	0.236113	0.237022	0.234644	0.108377	0.104859	0.113356	0.213586	0.217105	0.21026	0.0881038	0.0898043	0.0492958	0.138393	0.0863556	0.0751807	0.152595	0.113666	0.116583	0.110983	0.158644	0.169158	0.182881	0.235537	0.164901	0.172508	0.162541	0.177475	0.220272	0.145528	0.172674	0.171596	0.173655	0.236113	0.156411	0.166078	0.165516	0.166262	250308	16094	9940	6154	34426	20170	14256	10010	4864	5146	18342	9298	142	3808	9044	14392	114892	21572	10336	11236	135416	113184	2652	242	49842	63342	41928	30810	11454	26098	6104	2908	3196	16094	251492	30576	7534	23042
chrX:153762372A>C	rs137852319	G6PD	G6PD_Harilaou																																																																												
chrX:153762655T>A	rs5030872	G6PD	G6PD_Santa Maria,G6PD_Malaga	0.000136491	0.00106415	0.000993641	0.00129366	0.000291811	0.000296092	0.000279681	0.0	0.0	0.0	0.0	0.0	0.0	0.0	0.0	0.0	0.000155874	0.0	0.0	0.0	0.000103422	2.44627e-05	0.0	0.0	1.99617e-05	3.15846e-05	0.0	4.41872e-05	0.000142146	0.0	0.000220994	0.000342231	0.0	0.00106415	0.000136215	0.0	0.0	0.0	183162	13156	10064	3092	27415	20264	7151	7478	4896	2582	13859	9326	122	2887	4533	10850	115478	15895	10366	5529	67684	81757	1983	196	50096	31661	30759	22631	7035	19153	4525	2922	1603	13156	183533	19077	7544	11533
chrX:153764223A>T		G6PD	G6PD_Songklanagarind																																																																												
chr19:38946111C>T	rs193922768	RYR1	RYR1_c.1597C>T																																																																												
chrX:153760892G>C		G6PD	G6PD_Wisconsin																																																																												
chrX:153764250G>A		G6PD	G6PD_Kamogawa																																																																												
chrX:153763484G>A		G6PD	G6PD_Crispim																																																																												
chrX:153760484C>A	rs72554665	G6PD	G6PD_Bangkok Noi,G6PD_Canton, Taiwan-Hakka, Gifu-like, Agrigento-like	0.000813464	0.0	0.0	0.0	3.65684e-05	0.0	0.000140885	0.0	0.0	0.0	0.0106506	0.0117078	0.0	0.0	0.00845948	0.0136174	0.000946789	0.0	0.0	0.0	0.000583727	0.0	0.0	0.0	0.0	0.0	0.0	0.0	0.0	0.0	0.0	0.0	0.0	0.0106506	0.00081187	0.0	0.0	0.0	181938	13017	10006	3011	27346	20248	7098	7443	4890	2553	13802	9310	121	2886	4492	10795	115126	15880	10370	5510	66812	81023	1900	186	49844	31179	30627	22330	6955	19025	4494	2916	1578	13802	183527	18933	7542	11391
chrX:153760915C>A		G6PD	G6PD_Lynwood																																																																												
chr19:38990633G>A	rs121918593	RYR1	RYR1_c.7300G>A	3.18403e-05	0.0	0.0	0.0	0.0	0.0	0.0	0.0	0.0	0.0	0.0	0.0	0.0	0.0	0.0	0.0	2.59947e-05	0.0	0.0	0.0	3.68064e-05	7.04275e-05	0.0	0.0	5.9952e-05	7.86757e-05	0.000142396	3.23353e-05	0.0	3.82731e-05	0.0	0.0	0.0	7.04275e-05	3.57859e-05	0.0	0.0	0.0	251254	16248	10064	6184	34574	20260	14314	10074	4894	5180	18392	9326	152	3818	9066	14422	115408	21620	10354	11266	135846	113592	2668	240	50040	63552	42136	30926	11494	26128	6138	2926	3212	113592	251496	30616	7544	23072
chrX:153764383G>C	rs78478128	G6PD	G6PD_Orissa	0.000169118	0.0	0.0	0.0	0.0	0.0	0.0	0.0	0.0	0.0	0.0	0.0	0.0	0.0	0.0	0.0	9.52216e-05	0.0	0.0	0.0	0.000295055	0.0	0.0	0.0	0.0	0.0	0.0	0.0	0.0	0.0	0.0	0.0	0.0	0.00162508	0.000168907	0.00162508	0.00145811	0.0017343	183304	13155	10066	3089	27418	20268	7150	7477	4898	2579	13860	9328	121	2887	4532	10852	115520	15980	10372	5608	67784	81808	1980	197	50116	31692	30787	22640	7043	19161	4530	2928	1602	19076	183533	19076	7544	11532
chrX:153760877C>T	rs137852325	G6PD	G6PD_Puerto Limon																																																																												
chrX:153762709C>T	null	G6PD	G6PD_Plymouth																																																																												
chr19:41509920T>A	rs281864907	CYP2B6	CYP2B6_*38																																																																												
chrX:153761804A>G		G6PD	G6PD_Piotrkow																																																																												
chrX:153762251G>C	null	G6PD	G6PD_Wayne																																																																												
chrX:153760298G>A	rs1603411177	G6PD	G6PD_Buenos Aires																																																																												
chrX:153760626C>T	rs137852317	G6PD	G6PD_Santiago de Cuba, Morioka																																																																												
chr1:98164955T>C	rs72549307	DPYD	DPYD_c.632A>G	3.98089e-06	0.0	0.0	0.0	0.0	0.0	0.0	0.0	0.0	0.0	0.0	0.0	0.0	0.0	0.0	0.0	0.0	0.0	0.0	0.0	7.36616e-06	8.8084e-06	0.0	0.0	0.0	1.57525e-05	0.0	3.23541e-05	0.0	0.0	0.0	0.0	0.0	8.8084e-06	3.97633e-06	0.0	0.0	0.0	251200	16250	10068	6182	34578	20270	14308	10078	4900	5178	18384	9322	152	3808	9062	14424	115444	21642	10370	11272	135756	113528	2668	242	50046	63482	42100	30908	11476	26134	6130	2926	3204	113528	251488	30610	7542	23068
chrX:153761807T>C		G6PD	G6PD_Mizushima																																																																												
chr19:38931469C>T	rs193922748	RYR1	RYR1_c.130C>T	4.13497e-06	0.0	0.0	0.0	2.94325e-05	0.0	7.09723e-05	0.0	0.0	0.0	0.0	0.0	0.0	0.0	0.0	0.0	0.0	0.0	0.0	0.0	7.58093e-06	0.0	0.0	0.0	0.0	0.0	0.0	0.0	0.0	0.0	0.0	0.0	0.0	2.94325e-05	1.59143e-05	0.0	0.0	0.0	241840	15096	9228	5868	33976	19886	14090	9788	4698	5090	18060	9112	116	3818	8948	14126	109930	20758	9958	10800	131910	108306	2440	218	46874	61432	40452	29012	10998	25186	5876	2776	3100	33976	251346	29980	7398	22582
chrX:153760649C>G	rs137852337	G6PD	G6PD_Pawnee																																																																												
chr19:38939352G>C	rs121918592	RYR1	RYR1_c.1021G>C																																																																												
chr6:18130918T>C	rs1142345	TPMT	TPMT_*3A,TPMT_*3C	0.036734	0.0555211	0.055009	0.0563472	0.0475006	0.048618	0.0459184	0.0130012	0.0134804	0.0125483	0.0146243	0.015223	0.00657895	0.0136197	0.0140084	0.014975	0.0388691	0.0305858	0.0294118	0.0316658	0.0349212	0.0429132	0.023221	0.0458333	0.0442082	0.0418936	0.0488135	0.0393197	0.0255138	0.0472854	0.0336601	0.0298354	0.0371411	0.0555211	0.036747	0.0178035	0.0181649	0.0176853	251130	16138	9962	6176	34568	20260	14308	10076	4896	5180	18394	9328	152	3818	9066	14424	115310	21644	10370	11274	135820	113578	2670	240	50036	63542	42140	30926	11484	26118	6120	2916	3204	16138	251476	30612	7542	23070
chrX:153761844C>G		G6PD	G6PD_Roubaix																																																																												
chrX:153764366G>A		G6PD	G6PD_Kambos																																																																												
chr19:41522715C>A	rs3211371	CYP2B6	CYP2B6_*34	0.000119789	0.00178836	0.00169356	0.00194238	0.0	0.0	0.0	0.0	0.0	0.0	0.0	0.0	0.0	0.0	0.0	0.0	0.000156429	0.0	0.0	0.0	8.86446e-05	8.84377e-06	0.0	0.0	2.00634e-05	0.0	0.0	3.24971e-05	0.0	0.0	0.0	0.0	0.0	0.00178836	0.000123263	0.0	0.0	0.0	250440	16216	10038	6178	34514	20230	14284	10046	4884	5162	18376	9314	152	3804	9062	14420	115068	21540	10310	11230	135372	113074	2660	242	49842	63232	42034	30772	11408	25958	6108	2916	3192	16216	251494	30566	7534	23032
chr6:18139920C>T	rs72552738	TPMT	TPMT_*11																																																																												
chrX:153762563T>C	rs782754619	G6PD	G6PD_Sibari	1.09269e-05	7.60225e-05	9.93443e-05	0.0	0.0	0.0	0.0	0.0	0.0	0.0	0.0	0.0	0.0	0.0	0.0	0.0	1.73199e-05	0.0	0.0	0.0	0.0	1.22441e-05	0.0	0.0	1.99649e-05	0.0	0.0	0.0	0.000142207	0.0	0.0	0.0	0.0	7.60225e-05	1.08972e-05	0.0	0.0	0.0	183034	13154	10066	3088	27408	20260	7148	7482	4900	2582	13859	9326	122	2887	4533	10850	115474	15854	10364	5490	67560	81672	1979	195	50088	31584	30713	22602	7032	19151	4527	2926	1601	13154	183533	19078	7544	11534
chrX:153774337C>A	rs797043472	G6PD	G6PD_Sinnai																																																																												
chr19:38990371G>C	rs193922807	RYR1	RYR1_c.7124G>C																																																																												
chr19:41510030G>A	rs36060847	CYP2B6	CYP2B6_*12	0.000437776	0.0	0.0	0.0	0.000520683	0.000444225	0.000628931	0.00715564	0.00695012	0.0073501	0.0	0.0	0.0	0.0	0.0	0.0	0.000450341	0.0	0.0	0.0	0.000427092	8.80158e-05	0.0	0.0	5.98946e-05	0.000110188	4.74608e-05	0.000129257	0.00034825	0.0	0.00163239	0.00205198	0.00124922	0.000520683	0.000437393	0.0	0.0	0.0	251270	16246	10060	6186	34570	20260	14310	10062	4892	5170	18394	9328	152	3818	9066	14424	115468	21644	10372	11272	135802	113616	2670	242	50088	63528	42140	30946	11486	26132	6126	2924	3202	34570	251490	30612	7544	23068
chr10:96741053A>C	rs1057910	CYP2C9	CYP2C9_*3	0.0631047	0.0123062	0.011718	0.0132643	0.0380781	0.0376519	0.0386826	0.0840945	0.0804739	0.0875193	0.0336816	0.0331403	0.00657895	0.0441873	0.034239	0.031198	0.0570877	0.062604	0.06344	0.0618346	0.068224	0.0684572	0.0768366	0.103306	0.0667026	0.0698418	0.0650852	0.0691696	0.0856695	0.0643038	0.0630101	0.0643395	0.0617978	0.109558	0.0630592	0.109558	0.108828	0.109796	251154	16252	10070	6182	34508	20238	14270	10072	4896	5176	18378	9324	152	3802	9054	14424	115454	21644	10372	11272	135700	113560	2668	242	50088	63472	42114	30924	11486	26126	6126	2922	3204	30614	251494	30614	7544	23070
chrX:153762604C>G	rs137852332	G6PD	G6PD_Santiago																																																																												
chr19:38990286_38990288GAG[1]	rs193922800	RYR1																																																																													
chr1:98205967_98205970ATGA[1]	rs72549309	DPYD																																																																													
chrX:153761012G>A	rs137852333	G6PD	G6PD_Ierapetra																																																																												
chrX:153760914G>C		G6PD	G6PD_Madrid																																																																												
chr19:41515911G>C	rs139029625	CYP2B6	CYP2B6_*35	0.000445583	0.00493705	0.00478183	0.00518975	0.000549387	0.000394789	0.000768156	0.0	0.0	0.0	0.000163097	0.0	0.0	0.0	0.000330907	0.000207987	0.000536815	0.0	0.0	0.0	0.000368026	3.51648e-05	0.0	0.0	5.98205e-05	1.57233e-05	9.47553e-05	0.0	0.0	0.0	0.000326158	0.000683527	0.0	0.00493705	0.000548716	0.000130651	0.000132556	0.000130028	251356	16204	10038	6166	34584	20264	14320	10068	4892	5176	18394	9328	152	3818	9066	14424	115496	21608	10354	11254	135860	113750	2668	242	50150	63600	42214	30994	11500	26132	6132	2926	3206	16204	251496	30616	7544	23072
chr1:97915614C>T	rs3918290	DPYD	DPYD_*2A	0.00559182	0.000676673	0.000893744	0.000323311	0.00112945	0.000741033	0.00167973	0.00506153	0.0040833	0.00598687	0.0	0.0	0.0	0.0	0.0	0.0	0.0053444	0.0241637	0.0243973	0.0239489	0.00580214	0.0054741	0.00449775	0.00413223	0.00539159	0.00553912	0.00484055	0.00468467	0.0035677	0.00838181	0.00440744	0.00444901	0.00436954	0.0054741	0.00559457	0.00431203	0.00490586	0.0041179	251260	16256	10070	6186	34530	20242	14288	10076	4898	5178	18390	9326	152	3814	9064	14424	115448	21644	10370	11274	135812	113626	2668	242	50078	63548	42144	30952	11492	26128	6126	2922	3204	113626	251494	30612	7542	23070
chrX:153760494C>G		G6PD	G6PD_Figuera da Foz																																																																												
chrX:153763594G>A		G6PD	G6PD_Guangzhou																																																																												
chrX:153761202T>C		G6PD	G6PD_Torun																																																																												
chr10:96702066G>A	rs7900194	CYP2C9	CYP2C9_*8	0.00440283	0.0588851	0.0593843	0.0580718	0.00202593	0.00167852	0.00251819	0.0	0.0	0.0	0.000108849	0.000107365	0.0	0.0	0.000110375	0.000138658	0.00572522	0.0	0.0	0.0	0.00327813	0.000387481	0.0	0.0	0.000399393	0.000378084	0.000618047	0.000420195	0.000347705	3.82643e-05	0.00212072	0.00171116	0.00249377	0.0588851	0.00440173	0.000653253	0.000397667	0.000736824	251202	16252	10070	6182	34552	20256	14296	10076	4898	5178	18374	9314	152	3798	9060	14424	115454	21648	10374	11274	135748	113554	2668	242	50076	63478	42068	30938	11504	26134	6130	2922	3208	16252	251492	30616	7544	23072
chrX:153761298C>A		G6PD	G6PD_West Virginia																																																																												
chrX:153760618C>G	rs1557229572	G6PD	G6PD_Hermoupolis,G6PD_Cassano	5.48832e-06	0.0	0.0	0.0	0.0	0.0	0.0	0.0	0.0	0.0	0.0	0.0	0.0	0.0	0.0	0.0	8.69142e-06	0.0	0.0	0.0	0.0	1.23504e-05	0.000541126	0.0	2.009e-05	0.0	0.0	0.0	0.0	0.0	0.0	0.0	0.0	1.23504e-05	5.44882e-06	0.0	0.0	0.0	182205	13043	10004	3039	27379	20246	7133	7439	4884	2555	13839	9316	118	2887	4523	10834	115056	15972	10372	5600	67149	80969	1848	186	49776	31193	30502	22334	6993	19106	4509	2916	1593	80969	183526	19055	7542	11513
chr6:18134115G>C	rs74423290	TPMT	TPMT_*23	7.95634e-06	0.0	0.0	0.0	0.0	0.0	0.0	0.0	0.0	0.0	0.0	0.0	0.0	0.0	0.0	0.0	1.73151e-05	0.0	0.0	0.0	0.0	1.75917e-05	0.0	0.0	3.9909e-05	0.0	0.0	0.0	0.0	7.65873e-05	0.0	0.0	0.0	1.75917e-05	7.95248e-06	0.0	0.0	0.0	251372	16246	10060	6186	34578	20260	14318	10080	4900	5180	18392	9328	152	3818	9064	14422	115506	21646	10372	11274	135866	113690	2666	240	50114	63576	42200	30972	11498	26114	6138	2928	3210	113690	251494	30602	7544	23058
chrX:153760980G>T	rs137852329	G6PD	G6PD_Loma Linda																																																																												
chrX:153760973T>C	rs1057518975	G6PD	G6PD_Tenri																																																																												
chr19:38946103G>A	rs111888148	RYR1	RYR1_c.1589G>A	5.56673e-05	6.15157e-05	9.93049e-05	0.0	0.00014455	0.000197355	6.98227e-05	0.0	0.0	0.0	0.0	0.0	0.0	0.0	0.0	0.0	7.78735e-05	0.0	0.0	0.0	3.67858e-05	5.2738e-05	0.0	0.0	3.98724e-05	6.28832e-05	0.0	9.67804e-05	0.000260779	0.0	0.000162866	0.00034153	0.0	0.00014455	5.56669e-05	3.26627e-05	0.000132556	0.0	251494	16256	10070	6186	34590	20268	14322	10080	4900	5180	18394	9328	152	3818	9066	14424	115572	21648	10374	11274	135922	113770	2670	242	50160	63610	42222	30998	11504	26134	6140	2928	3212	34590	251496	30616	7544	23072
chr19:38991294C>T	rs28933397	RYR1	RYR1_c.7372C>T	3.98e-06	0.0	0.0	0.0	0.0	0.0	0.0	0.0	0.0	0.0	0.0	0.0	0.0	0.0	0.0	0.0	0.0	4.61979e-05	0.0	8.86997e-05	7.35889e-06	0.0	0.0	0.0	0.0	0.0	0.0	0.0	0.0	0.0	0.0	0.0	0.0		3.97621e-06	0.0	0.0	0.0	251256	16232	10048	6184	34580	20262	14318	10072	4896	5176	18382	9316	152	3818	9066	14412	115366	21646	10372	11274	135890	113600	2668	236	50012	63588	42166	30910	11496	26124	6128	2916	3212		251496	30616	7544	23072
chr10:96741054T>C	rs56165452	CYP2C9	CYP2C9_*4	2.38931e-05	6.15309e-05	0.0	0.00016176	0.0	0.0	0.0	0.0	0.0	0.0	0.000163239	0.000214546	0.0	0.000526039	0.000110424	6.93289e-05	3.46536e-05	0.0	0.0	0.0	1.47395e-05	1.76143e-05	0.0	0.0	3.99409e-05	0.0	2.37462e-05	3.23457e-05	0.0	0.0	0.0	0.0	0.0	0.000163239	2.38576e-05	0.0	0.0	0.0	251118	16252	10070	6182	34496	20234	14262	10072	4894	5178	18378	9322	152	3802	9056	14424	115428	21640	10372	11268	135690	113544	2668	242	50074	63470	42112	30916	11482	26124	6124	2918	3206	18378	251492	30612	7544	23068
chrX:153761337C>T	rs137852327	G6PD	G6PD_Ananindeua,G6PD_Hechi,G6PD_Viangchan, Jammu	0.000224223	0.0	0.0	0.0	0.0	0.0	0.0	0.0	0.0	0.0	0.00252817	0.00236254	0.0	0.0	0.00286849	0.00322997	0.000216841	0.0	0.0	0.0	0.00023682	0.0	0.0	0.0	0.0	0.0	0.0	0.0	0.0	0.0	0.000221533	0.0	0.00062422	0.00252817	0.000239739	0.000262151	0.000397772	0.000173445	182854	13114	10038	3076	27408	20260	7148	7479	4894	2585	13844	9312	121	2887	4532	10836	115292	15994	10374	5620	67562	81428	1928	193	49960	31468	30568	22567	7024	19148	4514	2912	1602	13844	183533	19073	7542	11531
chr2:234668880_234668881insATAT	rs34815109	UGT1A1	UGT1A1_*37																																																																												
chrX:153760480C>G		G6PD	G6PD_G6PDNice																																																																												
chr6:18134121C>T	rs9333570	TPMT	TPMT_*15	2.78498e-05	0.000123062	0.000198649	0.0	0.0	0.0	0.0	0.0	0.0	0.0	0.0	0.0	0.0	0.0	0.0	0.0	5.19472e-05	0.0	0.0	0.0	7.36128e-06	4.39839e-05	0.0	0.0	7.98244e-05	1.57312e-05	0.0	0.000129191	0.0	3.82848e-05	0.0	0.0	0.0	0.000123062	2.78334e-05	0.0	0.0	0.0	251348	16252	10068	6184	34574	20262	14312	10078	4898	5180	18392	9328	152	3818	9064	14422	115502	21646	10372	11274	135846	113678	2668	240	50110	63568	42194	30962	11494	26120	6136	2926	3210	16252	251496	30592	7538	23054
chrX:153761171T>A	rs398123544	G6PD	G6PD_Cincinnati																																																																												
chrX:153762317G>A	rs782757170	G6PD	G6PD_Nanning	2.18248e-05	0.0	0.0	0.0	0.0	0.0	0.0	0.0	0.0	0.0	0.0002886	0.000321612	0.0	0.0	0.000220653	0.00036863	2.597e-05	0.0	0.0	0.0	1.4758e-05	0.0	0.0	0.0	0.0	0.0	0.0	0.0	0.0	0.0	0.0	0.0	0.0	0.0002886	2.17948e-05	0.0	0.0	0.0	183278	13155	10064	3091	27418	20264	7154	7485	4898	2587	13860	9328	122	2887	4532	10851	115518	15975	10374	5601	67760	81776	1982	196	50122	31654	30730	22662	7046	19160	4530	2924	1606	13860	183530	19079	7544	11535
chr1:98058845G>A	rs143154602	DPYD	DPYD_c.1057C>T																																																																												
chrX:153760882G>A	rs1557229683	G6PD	G6PD_Bari																																																																												
chr10:96701715T>C	rs72558187	CYP2C9	CYP2C9_*13	0.000107398	0.0	0.0	0.0	0.0	0.0	0.0	0.0	0.0	0.0	0.00135943	0.001287	0.00657895	0.00209754	0.00143393	0.00110926	0.000112525	0.0	0.0	0.0	0.000103038	0.0	0.0	0.0	0.0	0.0	0.0	0.0	0.0	0.0	0.000325945	0.00034153	0.000311721	0.00135943	0.000107358	0.0	0.0	0.0	251402	16254	10070	6184	34562	20256	14306	10080	4900	5180	18390	9324	152	3814	9066	14424	115530	21648	10374	11274	135872	113716	2668	242	50134	63582	42188	30984	11500	26134	6136	2928	3208	18390	251496	30616	7544	23072
chrX:153760907T>C		G6PD	G6PD_Hartford																																																																												
chrX:153761246C>T		G6PD	G6PD_Manhattan																																																																												
chr13:48611920_48611925GAGTCG[4]	rs554405994	NUDT15																																																																													
chrX:153760987G>A	rs137852345	G6PD	G6PD_Serres																																																																												
chrX:153763426C>T	rs1191977862	G6PD	G6PD_Liuzhou																																																																												
chrX:153760980G>C		G6PD	G6PD_Aachen																																																																												
chrX:153760623T>C		G6PD	G6PD_S. Antioco																																																																												
chr1:98039419C>T	rs56038477	DPYD	DPYD_HapB3	0.0141071	0.0026455	0.00268123	0.00258732	0.00448547	0.00434311	0.00468728	0.0066521	0.00531046	0.00792117	0.000108849	0.000214684	0.0	0.0	0.0	0.000138658	0.0129527	0.0121951	0.0112782	0.0130389	0.0150888	0.0211086	0.0202399	0.0247934	0.0214437	0.0208445	0.0208611	0.0216786	0.0114983	0.025111	0.0141971	0.0106092	0.0174672	0.0211086	0.0141078	0.0172819	0.0173694	0.0172533	251150	16254	10070	6184	34556	20262	14294	10072	4896	5176	18374	9316	152	3798	9058	14424	115420	21648	10374	11274	135730	113508	2668	242	50038	63470	42088	30906	11480	26124	6128	2922	3206	113508	251492	30610	7542	23068
chr19:41510208T>C	rs139801276	CYP2B6	CYP2B6_*35	0.000346304	0.00438272	0.00458624	0.00405186	0.00037594	0.000296092	0.000488963	0.0	0.0	0.0	5.43833e-05	0.0	0.0	0.0	0.000110351	6.93481e-05	0.000467759	0.0	0.0	0.0	0.00024304	0.0	0.0	0.0	0.0	0.0	0.0	0.0	0.0	0.0	0.000325839	0.00068306	0.0	0.00438272	0.000397627	0.0	0.0	0.0	251224	16200	10030	6170	34580	20264	14316	10078	4898	5180	18388	9326	152	3816	9062	14420	115444	21528	10332	11196	135780	113708	2670	242	50124	63584	42210	30966	11496	26124	6138	2928	3210	16200	251492	30604	7542	23062
chr19:41522715C>T	rs3211371	CYP2B6	CYP2B6_*7	0.0880969	0.0258387	0.0264993	0.0247653	0.0442429	0.0438952	0.0447354	0.105415	0.107494	0.103448	0.00168698	0.00171784	0.0197368	0.00341746	0.00165526	0.00104022	0.0847064	0.121309	0.123278	0.119501	0.0909789	0.118029	0.107519	0.136364	0.117872	0.118152	0.122805	0.118452	0.103524	0.117074	0.100524	0.0963649	0.104323	0.118029	0.0888769	0.0802853	0.0829573	0.0794113	250440	16216	10038	6178	34514	20230	14284	10046	4884	5162	18376	9314	152	3804	9062	14420	115068	21540	10310	11230	135372	113074	2660	242	49842	63232	42034	30772	11408	25958	6108	2916	3192	113074	251494	30566	7534	23032
chr19:41497129T>C	rs34223104	CYP2B6	CYP2B6_*22,CYP2B6_*34,CYP2B6_*35,CYP2B6_*36																																																																												
chrX:153764260C>G		G6PD	G6PD_Kozukata																																																																												
chrX:153761834T>A		G6PD	G6PD_Lille																																																																												
chrX:153764234G>T		G6PD	G6PD_Amazonia																																																																												
chr6:18131012C>T	rs1800584	TPMT	TPMT_*4	2.78594e-05	0.0	0.0	0.0	0.0	0.0	0.0	0.0	0.0	0.0	0.0	0.0	0.0	0.0	0.0	0.0	3.46608e-05	0.0	0.0	0.0	2.20819e-05	6.15969e-05	0.0	0.0	7.98882e-05	4.71906e-05	9.48542e-05	6.46162e-05	8.70625e-05	0.0	0.0	0.0	0.0	6.15969e-05	2.78348e-05	0.0	0.0	0.0	251262	16194	10012	6182	34572	20260	14312	10078	4898	5180	18392	9328	152	3818	9064	14422	115404	21646	10372	11274	135858	113642	2670	240	50070	63572	42170	30952	11486	26124	6128	2922	3206	113642	251484	30610	7542	23068
chrX:153763492T>C	rs1050829	G6PD	G6PD_202G>A_376A>G_1264C>G,G6PD_Mt Sinai,G6PD_Acrokorinthos,G6PD_Ananindeua,G6PD_Santa Maria,G6PD_A- 202A_376G,G6PD_G6PD A- 680T_376G,G6PD_G6PD A- 968C_376G	0.0256519	0.318639	0.321372	0.309694	0.0148056	0.0152472	0.0135551	0.000133583	0.000204165	0.0	0.0	0.0	0.0	0.0	0.0	0.0	0.0312538	0.0	0.0	0.0	0.0161186	0.000647478	0.0	0.0	0.000658577	0.000629961	0.000778614	0.000618047	0.00198666	5.22002e-05	0.00992501	0.0105874	0.00871731	0.318639	0.0256913	0.000733791	0.000397667	0.000953619	183378	13134	10060	3074	27422	20266	7156	7486	4898	2588	13861	9328	122	2887	4533	10852	115506	16006	10374	5632	67872	81856	1981	195	50108	31748	30824	22652	7047	19157	4534	2928	1606	13134	183525	19079	7544	11535
chrX:153763402C>T	rs137852313	G6PD	G6PD_Ilesha	0.000272823	0.000607857	0.000397298	0.00129324	0.00120333	0.00138162	0.000698519	0.0	0.0	0.0	0.0	0.0	0.0	0.0	0.0	0.0	0.000276989	0.0	0.0	0.0	0.000265718	1.22345e-05	0.0	0.0	0.0	3.16336e-05	0.0	4.41384e-05	0.0	0.0	0.0	0.0	0.0	0.00120333	0.000272432	0.000419287	0.0	0.000693481	183269	13161	10068	3093	27424	20266	7158	7485	4896	2589	13861	9328	122	2887	4533	10852	115528	15990	10374	5616	67741	81736	1983	195	50124	31612	30693	22656	7045	19164	4532	2928	1604	27424	183532	19080	7544	11536
chr1:98060705T>C	rs146356975	DPYD	DPYD_c.868A>G	0.00023485	0.00307958	0.00358209	0.00226317	0.000260221	0.000197355	0.000349211	0.0	0.0	0.0	0.0	0.0	0.0	0.0	0.0	0.0	0.000346482	0.0	0.0	0.0	0.000139934	0.0	0.0	0.0	0.0	0.0	0.0	0.0	0.0	0.0	0.0	0.0	0.0	0.00307958	0.000234598	0.0	0.0	0.0	251224	16236	10050	6186	34586	20268	14318	10076	4898	5178	18380	9318	152	3804	9062	14424	115446	21646	10374	11272	135778	113566	2668	240	50070	63496	42120	30926	11488	26124	6126	2924	3202	16236	251494	30608	7544	23064
chr1:98164986T>G	rs72549308	DPYD	DPYD_c.601A>C	2.78707e-05	6.15385e-05	0.0	0.00016176	0.0	0.0	0.0	0.0	0.0	0.0	0.0	0.0	0.0	0.0	0.0	0.0	2.5992e-05	0.0	0.0	0.0	2.94681e-05	5.28569e-05	0.0	0.0	5.99544e-05	4.7262e-05	7.12758e-05	3.23562e-05	8.71536e-05	3.82643e-05	0.0	0.0	0.0	6.15385e-05	2.78337e-05	0.0	0.0	0.0	251160	16250	10068	6182	34570	20264	14306	10072	4894	5178	18388	9324	152	3812	9064	14424	115420	21636	10364	11272	135740	113514	2668	242	50038	63476	42090	30906	11474	26134	6130	2926	3204	16250	251494	30600	7542	23058
chrX:153760910G>A	rs137852334	G6PD	G6PD_Mt Sinai,G6PD_Guadalajara																																																																												
chrX:153762605G>A	rs137852330	G6PD	G6PD_Vancouver,G6PD_Coimbra Shunde	3.274e-05	0.0	0.0	0.0	0.0	0.0	0.0	0.0	0.0	0.0	7.21449e-05	0.000107204	0.0	0.0	0.0	9.21489e-05	2.59749e-05	0.0	0.0	0.0	4.427e-05	1.22233e-05	0.0	0.0	1.99585e-05	0.0	3.24686e-05	0.0	0.0	0.0	0.0	0.0	0.0	0.000209666	3.26917e-05	0.000209666	0.000132556	0.000260101	183262	13154	10064	3090	27412	20260	7152	7481	4898	2583	13861	9328	122	2887	4533	10852	115496	15936	10372	5564	67766	81811	1980	195	50104	31707	30799	22639	7043	19155	4529	2926	1603	19078	183533	19078	7544	11534
chrX:153761823A>G		G6PD	G6PD_La Jolla																																																																												
chrX:153763545A>T	rs1557230626	G6PD	G6PD_Hammersmith	1.09253e-05	0.0	0.0	0.0	0.0	0.0	0.0	0.0	0.0	0.0	0.0	0.0	0.0	0.0	0.0	0.0	0.0	0.0	0.0	0.0	2.95814e-05	0.0	0.0	0.0	0.0	0.0	0.0	0.0	0.0	0.0	0.0	0.0	0.0	0.000104877	1.08973e-05	0.000104877	0.0	0.000173521	183062	13146	10064	3082	27410	20264	7146	7480	4898	2582	13856	9324	122	2885	4532	10849	115452	15967	10370	5597	67610	81608	1973	195	50066	31542	30701	22594	7034	19111	4525	2922	1603	19070	183532	19070	7544	11526
chr19:38946112G>A	rs144336148	RYR1	RYR1_c.1598G>A	0.000107359	0.000492126	0.000397219	0.000646621	0.000144542	9.8668e-05	0.000209468	0.0	0.0	0.0	0.0	0.0	0.0	0.0	0.0	0.0	0.000129789	0.0	0.0	0.0	8.82872e-05	0.00012306	0.0	0.0	0.000179433	7.86065e-05	0.000213179	9.67804e-05	8.69263e-05	3.82643e-05	0.0	0.0	0.0	0.000492126	0.000107358	0.0	0.0	0.0	251492	16256	10070	6186	34592	20270	14322	10080	4900	5180	18394	9328	152	3818	9066	14424	115572	21648	10374	11274	135920	113766	2670	242	50158	63608	42218	30998	11504	26134	6140	2928	3212	16256	251496	30616	7544	23072
chr19:38991538C>G	rs118192178	RYR1	RYR1_c.7522C>G																																																																												
chrX:153761259C>T	rs137852339	G6PD	G6PD_Kalyan-Kerala, Jamnaga, Rohini	0.00123888	0.0	0.0	0.0	0.0	0.0	0.0	0.0	0.0	0.0	0.0	0.0	0.0	0.0	0.0	0.0	0.000822596	0.0	0.0	0.0	0.00194857	6.11853e-05	0.0	0.0	5.98755e-05	6.32611e-05	9.76118e-05	4.41911e-05	0.000142187	0.0	0.001104	0.00170882	0.0	0.0113773	0.00124229	0.0113773	0.0115323	0.0112759	183230	13151	10062	3089	27415	20262	7153	7480	4894	2586	13855	9322	122	2887	4533	10846	115488	16008	10374	5634	67742	81719	1975	195	50104	31615	30734	22629	7033	19153	4529	2926	1603	19073	183532	19073	7544	11529
chr19:38991282C>T	rs193922816	RYR1	RYR1_c.7360C>T	1.59236e-05	0.0	0.0	0.0	0.0	0.0	0.0	0.0	0.0	0.0	0.0	0.0	0.0	0.0	0.0	0.0	1.73424e-05	0.0	0.0	0.0	1.47193e-05	8.80638e-06	0.0	0.0	2.0008e-05	0.0	0.0	3.2375e-05	0.0	0.0	0.000163185	0.0	0.000311333	6.53296e-05	1.59048e-05	6.53296e-05	0.000132591	4.33426e-05	251200	16232	10048	6184	34580	20262	14318	10070	4894	5176	18376	9310	152	3818	9066	14406	115324	21646	10372	11274	135876	113554	2662	238	49980	63574	42152	30888	11492	26122	6128	2916	3212	30614	251496	30614	7542	23072
chr19:38991283G>A	rs118192122	RYR1	RYR1_c.7361G>A	7.96147e-06	6.16219e-05	9.95619e-05	0.0	0.0	0.0	0.0	0.0	0.0	0.0	0.0	0.0	0.0	0.0	0.0	0.0	8.67062e-06	0.0	0.0	0.0	7.35954e-06	8.80514e-06	0.0	0.0	0.0	1.57287e-05	2.37225e-05	0.0	0.0	0.0	0.0	0.0	0.0	6.16219e-05	7.95241e-06	0.0	0.0	0.0	251210	16228	10044	6184	34578	20260	14318	10070	4894	5176	18376	9310	152	3818	9066	14406	115332	21644	10372	11272	135878	113570	2666	238	49992	63578	42154	30896	11492	26124	6128	2916	3212	16228	251496	30616	7544	23072
chrX:153762340C>A	rs137852328	G6PD	G6PD_G6PD A- 680T_376G	5.45855e-06	7.60052e-05	9.93246e-05	0.0	0.0	0.0	0.0	0.0	0.0	0.0	0.0	0.0	0.0	0.0	0.0	0.0	8.65711e-06	0.0	0.0	0.0	0.0	0.0	0.0	0.0	0.0	0.0	0.0	0.0	0.0	0.0	0.0	0.0	0.0	7.60052e-05	5.44867e-06	0.0	0.0	0.0	183199	13157	10068	3089	27420	20266	7154	7485	4898	2587	13857	9326	122	2886	4531	10849	115512	15967	10374	5593	67687	81708	1978	196	50112	31596	30673	22650	7049	19162	4529	2924	1605	13157	183531	19076	7544	11532
chrX:153762662T>A		G6PD	G6PD_Chikugo																																																																												
chrX:153760928A>G		G6PD	G6PD_Olomouc																																																																												
chrX:153762340C>T	rs137852328	G6PD	G6PD_Mexico City	4.91269e-05	0.0	0.0	0.0	0.000182349	4.93437e-05	0.000559128	0.0	0.0	0.0	0.0	0.0	0.0	0.0	0.0	0.0	1.73142e-05	0.0	0.0	0.0	0.000103417	4.89548e-05	0.0	0.0	1.99553e-05	9.49487e-05	9.78059e-05	0.0	0.000141864	0.0	0.0	0.0	0.0	0.000182349	4.9038e-05	0.0	0.0	0.0	183199	13157	10068	3089	27420	20266	7154	7485	4898	2587	13857	9326	122	2886	4531	10849	115512	15967	10374	5593	67687	81708	1978	196	50112	31596	30673	22650	7049	19162	4529	2924	1605	27420	183531	19076	7544	11532
chrX:153762560C>A	rs137852326	G6PD	G6PD_Cincinnati,G6PD_Minnesota, Marion, Gastonia, LeJeune																																																																												
chrX:153762704T>C	rs137852331	G6PD	G6PD_Taipeiâ€š Chinese-3	4.94582e-05	0.0	0.0	0.0	0.0	0.0	0.0	0.0	0.0	0.0	0.000649632	0.000536251	0.0	0.0	0.000883002	0.000829799	4.34314e-05	0.0	0.0	0.0	5.98372e-05	0.0	0.0	0.0	0.0	0.0	0.0	0.0	0.0	0.0	0.0	0.0	0.0	0.000649632	5.44873e-05	0.0	0.0	0.0	181972	13147	10064	3083	27411	20262	7149	7465	4890	2575	13854	9324	121	2887	4530	10846	115124	15374	10280	5094	66848	81145	1974	194	49846	31299	30289	22538	7006	19144	4501	2914	1587	13854	183529	19075	7544	11531
chrX:153763551G>C	rs267606835	G6PD	G6PD_Vancouver																																																																												
chrX:153761017C>A		G6PD	G6PD_Partenope																																																																												
chrX:153774331C>T		G6PD	G6PD_Lages																																																																												
chrX:153762670T>C	null	G6PD	G6PD_Shinshu																																																																												
chrX:153760673A>C		G6PD	G6PD_Sumare																																																																												
chrX:153760988C>T		G6PD	G6PD_Iwatsuki																																																																												
chr19:41512824C>G	rs3826711	CYP2B6	CYP2B6_*26	0.000294473	0.0	0.0	0.0	0.0	0.0	0.0	9.92457e-05	0.0	0.00019305	0.00386247	0.00439725	0.0	0.00786988	0.00331199	0.00284367	0.000355034	0.0	0.0	0.0	0.000242979	0.0	0.0	0.0	0.0	0.0	0.0	0.0	0.0	0.0	0.000325945	0.0	0.000623441	0.00386247	0.000294244	0.0	0.0	0.0	251296	16240	10062	6178	34554	20248	14306	10076	4896	5180	18382	9324	152	3812	9058	14418	115482	21630	10366	11264	135814	113678	2670	242	50114	63564	42184	30964	11500	26118	6136	2928	3208	18382	251492	30600	7544	23056
chr19:41510063G>T	rs186335453	CYP2B6	CYP2B6_*35	0.000135624	0.00162135	0.00162371	0.0016176	0.000173551	9.87362e-05	0.000279408	0.0	0.0	0.0	0.0	0.0	0.0	0.0	0.0	0.0	0.000165166	0.0	0.0	0.0	0.000110572	0.0	0.0	0.0	0.0	0.0	0.0	0.0	0.0	0.0	0.000163613	0.000343171	0.0	0.00162135	0.000143148	3.26669e-05	0.0	4.33501e-05	250694	16036	9854	6182	34572	20256	14316	10058	4888	5170	18394	9328	152	3818	9066	14424	115036	21626	10360	11266	135658	113284	2664	242	49892	63392	42044	30852	11464	26018	6112	2914	3198	16036	251488	30612	7544	23068
chr19:41512841G>T	rs3745274	CYP2B6	CYP2B6_*6,CYP2B6_*7,CYP2B6_*9,CYP2B6_*13,CYP2B6_*19,CYP2B6_*20,CYP2B6_*26,CYP2B6_*34,CYP2B6_*36,CYP2B6_*37,CYP2B6_*38	0.271789	0.371534	0.368484	0.376497	0.314555	0.312019	0.31815	0.269109	0.267675	0.270463	0.191328	0.193157	0.184211	0.150681	0.189446	0.202165	0.267266	0.1908	0.192538	0.189199	0.275637	0.241942	0.252809	0.252066	0.240833	0.242816	0.242215	0.247966	0.254878	0.227457	0.264754	0.261791	0.267456	0.389354	0.271885	0.389354	0.384116	0.391067	251268	16230	10052	6178	34544	20252	14292	10074	4894	5180	18382	9324	152	3816	9058	14414	115488	21630	10372	11258	135780	113672	2670	242	50126	63546	42198	30976	11480	26106	6134	2926	3208	30602	251492	30602	7542	23060
chrX:153761184G>A	rs137852342	G6PD	G6PD_Chinese-5	0.000136593	7.59878e-05	9.93246e-05	0.0	0.0	0.0	0.0	0.0	0.0	0.0	0.00165933	0.00182247	0.0	0.0	0.00132363	0.00211942	0.000155895	0.0	0.0	0.0	0.000103605	0.0	0.0	0.0	0.0	0.0	0.0	0.0	0.0	0.0	0.000220799	0.0	0.00062383	0.00165933	0.000136216	0.0	0.0	0.0	183026	13160	10068	3092	27408	20260	7148	7478	4896	2582	13861	9328	122	2887	4533	10852	115462	16003	10370	5633	67564	81512	1980	197	50070	31442	30534	22615	7028	19158	4529	2926	1603	13861	183532	19075	7544	11531
chrX:153762710C>T	rs137852314	G6PD	G6PD_Mahidol	4.39984e-05	0.0	0.0	0.0	0.0	0.0	0.0	0.0	0.0	0.0	7.21813e-05	0.000107227	0.0	0.0	0.0	9.21914e-05	4.34495e-05	0.0	0.0	0.0	4.49445e-05	0.0	0.0	0.0	0.0	0.0	0.0	0.0	0.0	0.0	0.0	0.0	0.0	0.000366934	4.35903e-05	0.000366934	0.000530223	0.000260123	181825	13146	10062	3084	27411	20262	7149	7470	4894	2576	13854	9326	120	2887	4528	10847	115076	15279	10270	5009	66749	81081	1973	195	49802	31279	30215	22543	7011	19144	4507	2916	1591	19077	183527	19077	7544	11533
chrX:153763462G>A	rs979416826	G6PD	G6PD_Valladolid	2.18139e-05	7.6063e-05	9.94431e-05	0.0	0.000109397	4.93437e-05	0.000279447	0.0	0.0	0.0	0.0	0.0	0.0	0.0	0.0	0.0	1.73199e-05	0.0	0.0	0.0	2.94573e-05	0.0	0.0	0.0	0.0	0.0	0.0	0.0	0.0	0.0	0.0	0.0	0.0	0.000109397	2.17944e-05	0.0	0.0	0.0	183369	13147	10056	3091	27423	20266	7157	7484	4896	2588	13859	9326	122	2887	4533	10850	115474	16007	10374	5633	67895	81838	1982	195	50086	31752	30817	22643	7044	19157	4531	2926	1605	27423	183533	19080	7544	11536
chrX:153761240A>G	rs76723693	G6PD	G6PD_G6PD A- 968C_376G	0.00052984	0.00562609	0.00526734	0.00679392	0.00076606	0.000888362	0.000419522	0.0	0.0	0.0	0.0	0.0	0.0	0.0	0.0	0.0	0.00063244	0.0	0.0	0.0	0.000354778	0.0	0.0	0.0	0.0	0.0	0.0	0.0	0.0	0.0	0.000442184	0.000683995	0.0	0.00562609	0.000533964	0.0	0.0	0.0	183074	13153	10062	3091	27413	20262	7151	7473	4896	2577	13853	9320	122	2887	4533	10844	115426	16001	10374	5627	67648	81583	1977	193	50044	31539	30663	22570	7028	19152	4523	2924	1599	13153	183533	19075	7544	11531
chr19:41522683G>A	rs564083989	CYP2B6	CYP2B6_*24	1.19376e-05	0.0	0.0	0.0	0.0	0.0	0.0	0.0	0.0	0.0	0.00016315	0.00010725	0.0	0.000524384	0.000220653	6.93385e-05	8.65981e-06	0.0	0.0	0.0	1.47243e-05	0.0	0.0	0.0	0.0	0.0	0.0	0.0	0.0	0.0	0.0	0.0	0.0	0.00016315	1.19286e-05	0.0	0.0	0.0	251306	16250	10068	6182	34566	20256	14310	10070	4896	5174	18388	9324	152	3814	9064	14422	115476	21634	10368	11266	135830	113660	2668	242	50094	63566	42162	30966	11494	26128	6132	2928	3204	18388	251496	30606	7542	23064
chr19:41515993C>G	rs34698757	CYP2B6	CYP2B6_*28	0.000159117	0.00221457	0.00238332	0.00193986	8.67303e-05	9.8668e-05	6.98324e-05	0.0	0.0	0.0	0.0	0.0	0.0	0.0	0.0	0.0	0.000233726	0.0	0.0	0.0	9.56811e-05	0.0	0.0	0.0	0.0	0.0	0.0	0.0	0.0	0.0	0.000162973	0.00034153	0.0	0.00221457	0.00015905	0.0	0.0	0.0	251388	16256	10070	6186	34590	20270	14320	10074	4896	5178	18392	9326	152	3816	9066	14424	115520	21638	10368	11270	135868	113688	2668	240	50118	63570	42178	30972	11498	26132	6136	2928	3208	16256	251494	30614	7544	23070
chr10:96748737A>T	rs1057911	CYP2C9	CYP2C9_*3	0.0631325	0.0130445	0.0125124	0.0139114	0.0380384	0.0376222	0.0386284	0.0840445	0.080441	0.0874517	0.0336669	0.0331403	0.00657895	0.0440945	0.0342088	0.031198	0.0571127	0.0626386	0.0635242	0.0618237	0.0682517	0.0683785	0.0768366	0.103306	0.0666015	0.0697795	0.0650062	0.0690401	0.0855801	0.0642841	0.063254	0.0642077	0.062383	0.109688	0.0631153	0.109688	0.108828	0.10997	251376	16252	10070	6182	34544	20254	14290	10078	4898	5180	18386	9324	152	3810	9062	14424	115526	21648	10374	11274	135850	113720	2668	242	50134	63586	42196	30982	11498	26134	6134	2928	3206	30614	251492	30614	7544	23070
chrX:153760864G>T		G6PD	G6PD_Covao do Lobo																																																																												
chrX:153762678G>C	rs200111236	G6PD	G6PD_Miaoli	5.46935e-06	0.0	0.0	0.0	0.0	0.0	0.0	0.0	0.0	0.0	7.21605e-05	0.0	0.0	0.0	0.000220653	9.21744e-05	0.0	0.0	0.0	0.0	1.48361e-05	0.0	0.0	0.0	0.0	0.0	0.0	0.0	0.0	0.0	0.0	0.0	0.0	7.21605e-05	5.44867e-06	0.0	0.0	0.0	182837	13158	10068	3090	27411	20262	7149	7475	4896	2579	13858	9326	122	2887	4532	10849	115434	15755	10356	5399	67403	81581	1978	195	50060	31521	30634	22597	7026	19151	4523	2922	1601	13858	183531	19076	7544	11532
chrX:153762634G>A	rs5030868	G6PD	G6PD_Mediterranean, Dallas, Panamaâ€š Sassari, Cagliari, Birmingham	0.00255379	0.000227981	0.000198649	0.00032352	0.0	0.0	0.0	0.00601443	0.00612745	0.00580046	0.0	0.0	0.0	0.0	0.0	0.0	0.00185281	0.0	0.0	0.0	0.00374869	0.000770011	0.0100959	0.0	0.000898024	0.000567698	9.74279e-05	0.000883041	0.0026981	5.21948e-05	0.00574459	0.00581793	0.00561097	0.0173498	0.00256632	0.0173498	0.0159067	0.0182937	183257	13159	10068	3091	27414	20262	7152	7482	4896	2586	13859	9326	122	2887	4533	10850	115500	15922	10372	5550	67757	81817	1981	194	50110	31707	30792	22649	7042	19159	4526	2922	1604	19078	183531	19078	7544	11534
chrX:153764177C>T	rs782308266	G6PD	G6PD_Lagosanto	5.46693e-06	0.0	0.0	0.0	0.0	0.0	0.0	0.0	0.0	0.0	0.0	0.0	0.0	0.0	0.0	0.0	0.0	0.0	0.0	0.0	1.48091e-05	1.22587e-05	0.0	0.0	0.0	3.16947e-05	0.0	0.0	0.000142491	0.0	0.0	0.0	0.0	1.22587e-05	5.44861e-06	0.0	0.0	0.0	182918	13111	10054	3057	27400	20266	7134	7482	4900	2582	13844	9318	121	2885	4526	10838	115392	15945	10368	5577	67526	81575	1914	193	50024	31551	30769	22569	7018	19112	4518	2918	1600	81575	183533	19043	7544	11499
chrX:153760473G>T		G6PD	G6PD_Flores																																																																												
chrX:153761802G>A		G6PD	G6PD_Osaka																																																																												
chr19:38945999A>C	rs118192162	RYR1	RYR1_c.1565A>C																																																																												
chrX:153760823C>T	null	G6PD	G6PD_Tokyo, Fukushima																																																																												
chrX:153760854C>T		G6PD	G6PD_Clinic																																																																												
chr19:38990637G>A	rs28933396	RYR1	RYR1_c.7304G>A																																																																												
chrX:153762700C>T	null	G6PD	G6PD_Naone																																																																												
chrX:153762604C>T	rs137852332	G6PD	G6PD_Nilgiri																																																																												
chrX:153762701G>A		G6PD	G6PD_Toledo																																																																												
chr19:38931442T>C	rs193922747	RYR1	RYR1_c.103T>C	4.21493e-06	0.0	0.0	0.0	0.0	0.0	0.0	0.0	0.0	0.0	0.0	0.0	0.0	0.0	0.0	0.0	0.0	0.0	0.0	0.0	7.71498e-06	9.46557e-06	0.0	0.0	0.0	1.66328e-05	0.0	0.0	0.0	4.13599e-05	0.0	0.0	0.0	9.46557e-06	7.95912e-06	0.0	0.0	0.0	237252	14716	9010	5706	33538	19616	13922	9596	4598	4998	17800	8974	114	3812	8826	13874	107634	20466	9840	10626	129618	105646	2432	218	45524	60122	40016	28094	10708	24178	5748	2718	3030	105646	251284	29742	7354	22388
chrX:153761231G>T	rs1379306569	G6PD	G6PD_Farroupilha	5.4678e-06	0.0	0.0	0.0	0.0	0.0	0.0	0.0	0.0	0.0	0.0	0.0	0.0	0.0	0.0	0.0	8.66701e-06	0.0	0.0	0.0	0.0	1.22803e-05	0.0	0.0	1.99952e-05	0.0	0.0	4.43971e-05	0.0	0.0	0.0	0.0	0.0	1.22803e-05	5.44861e-06	0.0	0.0	0.0	182889	13148	10058	3090	27407	20260	7147	7466	4896	2570	13855	9322	122	2887	4533	10846	115380	15993	10366	5627	67509	81431	1973	193	50012	31419	30574	22524	7024	19143	4516	2922	1594	81431	183533	19073	7544	11529
chr6:18149358T>C	rs9333569	TPMT	TPMT_*14																																																																												
chr19:41515263A>G	rs2279343	CYP2B6	CYP2B6_*4,CYP2B6_*6,CYP2B6_*7,CYP2B6_*13,CYP2B6_*16,CYP2B6_*19,CYP2B6_*20,CYP2B6_*26,CYP2B6_*34,CYP2B6_*36,CYP2B6_*37,CYP2B6_*38	0.129357	0.171393	0.159199	0.190494	0.166358	0.16008	0.175206	0.148215	0.150473	0.146053	0.147204	0.141356	0.0784314	0.101194	0.153138	0.160956	0.129924	0.075204	0.0840452	0.0673442	0.128874	0.0878057	0.0555015	0.142105	0.0950529	0.0821593	0.156209	0.0859234	0.0300235	0.0169471	0.149635	0.153036	0.146564	0.251551	0.181501	0.251551	0.278547	0.242129	208848	13822	8436	5386	28120	16448	11672	7786	3808	3978	16630	8376	102	3686	8254	12842	96110	16914	7960	8954	112738	97488	2054	190	42692	54796	35254	25546	10192	24252	5206	2470	2736	22882	250814	22882	5920	16962
chr19:41512873T>G	rs373489637	CYP2B6	CYP2B6_*37																																																																												
chr19:38991276C>T	rs118192124	RYR1	RYR1_c.7354C>T																																																																												
chrX:153761801C>T	rs74575103	G6PD	G6PD_Montalbano	5.46153e-06	7.60283e-05	9.93641e-05	0.0	0.0	0.0	0.0	0.0	0.0	0.0	0.0	0.0	0.0	0.0	0.0	0.0	8.65816e-06	0.0	0.0	0.0	0.0	0.0	0.0	0.0	0.0	0.0	0.0	0.0	0.0	0.0	0.0	0.0	0.0	7.60283e-05	5.44861e-06	0.0	0.0	0.0	183099	13153	10064	3089	27398	20258	7140	7463	4894	2569	13858	9326	122	2887	4532	10849	115498	16000	10374	5626	67601	81639	1982	197	50114	31525	30679	22604	7034	19143	4521	2924	1597	13153	183533	19067	7544	11523
chr19:41518221T>C	rs28399499	CYP2B6	CYP2B6_*16,CYP2B6_*18	0.00508154	0.0694325	0.0705485	0.0676157	0.00341317	0.0035545	0.00321319	0.0	0.0	0.0	0.0	0.0	0.0	0.0	0.0	0.0	0.00688538	0.0	0.0	0.0	0.00354829	0.000149616	0.0	0.0	0.000159751	0.00014163	0.000166074	0.000193924	0.000348008	0.0	0.00146723	0.00102529	0.00187032	0.0694325	0.00509352	0.000163313	0.000265111	0.000130028	251302	16246	10064	6182	34572	20256	14316	10074	4894	5180	18390	9326	152	3814	9064	14424	115462	21646	10374	11272	135840	113624	2668	242	50078	63546	42150	30940	11494	26130	6134	2926	3208	16246	251496	30616	7544	23072
chrX:153760605G>A	rs398123546	G6PD	G6PD_Honiara,G6PD_Hermoupolis,G6PD_Union,Maewo, Chinese-2, Kalo	0.000148347	0.000615479	0.000801764	0.0	0.000146124	0.000148177	0.000140292	0.0	0.0	0.0	0.000578955	0.000644607	0.0	0.0	0.000443459	0.000739782	0.000191431	0.0	0.0	0.0	7.45356e-05	6.182e-05	0.00110193	0.0	6.03695e-05	6.41313e-05	0.0	4.48451e-05	0.000286492	0.0	0.0	0.0	0.0	0.000615479	0.000152571	0.000105025	0.000265182	0.0	182006	12998	9978	3020	27374	20246	7128	7440	4884	2556	13818	9308	117	2887	4510	10814	114924	15956	10364	5592	67082	80880	1815	187	49694	31186	30502	22299	6981	19096	4497	2908	1589	12998	183521	19043	7542	11501
chrX:153760261A>C		G6PD	G6PD_Bangkok Noi																																																																												
chrX:153762653G>A	rs267606836	G6PD	G6PD_Vancouver	1.09219e-05	0.0	0.0	0.0	0.0	0.0	0.0	0.0	0.0	0.0	7.21553e-05	0.0	0.0	0.0	0.000220604	9.21659e-05	8.66056e-06	0.0	0.0	0.0	1.47815e-05	1.22338e-05	0.0	0.0	1.99641e-05	0.0	0.0	4.41891e-05	0.0	0.0	0.0	0.0	0.0	7.21553e-05	1.08972e-05	0.0	0.0	0.0	183118	13155	10064	3091	27415	20264	7151	7478	4896	2582	13859	9326	122	2887	4533	10850	115466	15870	10360	5510	67652	81741	1983	196	50090	31651	30744	22630	7034	19154	4524	2922	1602	13859	183533	19076	7544	11532
chrX:153762624G>C		G6PD	G6PD_Pedoplis-Ckaro																																																																												
chr19:38991539G>A	rs193922818	RYR1	RYR1_c.7523G>A	3.97896e-06	0.0	0.0	0.0	0.0	0.0	0.0	9.92457e-05	0.0	0.00019305	0.0	0.0	0.0	0.0	0.0	0.0	0.0	0.0	0.0	0.0	7.35911e-06	0.0	0.0	0.0	0.0	0.0	0.0	0.0	0.0	0.0	0.0	0.0	0.0		3.97624e-06	0.0	0.0	0.0	251322	16246	10062	6184	34582	20262	14320	10076	4896	5180	18388	9322	152	3818	9066	14418	115436	21640	10368	11272	135886	113642	2668	240	50058	63584	42170	30948	11498	26118	6136	2924	3212		251494	30612	7544	23068
chr1:98039499C>A	rs78060119	DPYD	DPYD_*12	7.97442e-06	0.0	0.0	0.0	0.0	0.0	0.0	0.0	0.0	0.0	0.0	0.0	0.0	0.0	0.0	0.0	0.0	0.0	0.0	0.0	1.47569e-05	8.82784e-06	0.0	0.0	0.0	1.57883e-05	2.38141e-05	0.0	0.0	0.0	0.0	0.0	0.0	3.26712e-05	7.95305e-06	3.26712e-05	0.0	4.33539e-05	250802	16248	10064	6184	34510	20242	14268	10064	4892	5172	18350	9310	152	3776	9040	14422	115272	21632	10366	11266	135530	113278	2668	242	49940	63338	41992	30830	11458	26088	6112	2916	3196	30608	251476	30608	7542	23066
chr19:38948186G>T	rs193922772	RYR1	RYR1_c.1841G>T																																																																												
chrX:153760840C>G		G6PD	G6PD_Kawasaki																																																																												
chrX:153760903T>C		G6PD	G6PD_Praha																																																																												
chrX:153764249C>T	rs1000937138	G6PD	G6PD_Palestrina																																																																												
chrX:153774276T>C	rs137852340	G6PD	G6PD_Gaohe	0.000147545	0.0	0.0	0.0	0.0	0.0	0.0	0.0	0.0	0.0	0.00194847	0.00225129	0.0	0.0	0.0013248	0.00248894	0.000181771	0.0	0.0	0.0	8.8935e-05	0.0	0.0	0.0	0.0	0.0	0.0	0.0	0.0	0.0	0.0	0.0	0.0	0.00194847	0.000147113	0.0	0.0	0.0	182995	13153	10068	3085	27427	20270	7157	7486	4900	2586	13857	9328	122	2887	4529	10848	115530	15566	10338	5228	67465	81897	1983	196	50154	31743	30845	22663	7046	19164	4529	2928	1601	13857	183532	19080	7544	11536
chr1:97547947T>A	rs67376798	DPYD	DPYD_c.2846A>T	0.0028457	0.00067684	0.000397298	0.00113195	0.00260206	0.00256562	0.00265363	0.000397062	0.000204165	0.000579598	5.43833e-05	0.000107227	0.0	0.000262329	0.0	0.0	0.00283141	0.000323535	0.00048216	0.000177525	0.00285786	0.00507994	0.000749064	0.0	0.00509043	0.00507166	0.00664862	0.00585041	0.00391577	0.00264085	0.00179445	0.00273598	0.000935745	0.00507994	0.00285492	0.000457457	0.000132591	0.000563698	251256	16252	10068	6184	34588	20268	14320	10074	4898	5176	18388	9326	152	3812	9062	14424	115490	21636	10370	11266	135766	113584	2670	242	50094	63490	42114	30938	11492	26128	6130	2924	3206	113584	251496	30604	7542	23062
chr19:41510311G>T	rs145884402	CYP2B6	CYP2B6_*35	0.000346277	0.00419701	0.00428372	0.00405581	0.000434103	0.000296296	0.000629195	0.0	0.0	0.0	5.43715e-05	0.0	0.0	0.0	0.000110302	6.93289e-05	0.000441819	0.0	0.0	0.0	0.000265072	0.0	0.0	0.0	0.0	0.0	0.0	0.0	0.0	0.0	0.000325945	0.000683995	0.0	0.00419701	0.00039763	3.26926e-05	0.0	4.33764e-05	251244	16202	10038	6164	34554	20250	14304	10070	4890	5180	18392	9326	152	3816	9066	14424	115432	21628	10360	11268	135812	113674	2670	242	50110	63564	42190	30964	11488	26120	6136	2924	3212	16202	251490	30588	7534	23054
chrX:153760931T>C		G6PD	G6PD_Calvo Mackenna																																																																												
chr12:21331549T>C	rs4149056	SLCO1B1	SLCO1B1_*15,SLCO1B1_*5	0.132876	0.0281196	0.0276177	0.0289363	0.112105	0.114674	0.108467	0.180235	0.17955	0.180884	0.125993	0.126448	0.125	0.145297	0.125524	0.12091	0.13576	0.211597	0.210577	0.212536	0.130423	0.156543	0.18192	0.22314	0.158288	0.155166	0.152829	0.161608	0.155738	0.153675	0.165631	0.171242	0.160525	0.156543	0.13288	0.0504713	0.0537849	0.0493875	250964	16252	10066	6186	34530	20240	14290	10048	4890	5158	18382	9324	152	3806	9058	14424	115336	21626	10362	11264	135628	113458	2666	242	50010	63448	42060	30902	11468	26120	6116	2914	3202	113458	251482	30552	7530	23022
chr19:38939313C>T	rs193922762	RYR1	RYR1_c.982C>T	1.98864e-05	6.15612e-05	9.94233e-05	0.0	0.0	0.0	0.0	0.0	0.0	0.0	0.0	0.0	0.0	0.0	0.0	0.0	8.65621e-06	4.62022e-05	0.0	8.87154e-05	2.94325e-05	8.79337e-06	0.0	0.0	0.0	1.57243e-05	0.0	3.22747e-05	0.0	0.0	0.0	0.0	0.0	6.53253e-05	1.9881e-05	6.53253e-05	0.0	8.66852e-05	251428	16244	10058	6186	34590	20268	14322	10080	4900	5180	18394	9328	152	3818	9066	14424	115524	21644	10372	11272	135904	113722	2668	240	50126	63596	42198	30984	11502	26130	6138	2928	3210	30616	251496	30616	7544	23072
chrX:153760674C>T	rs782098548	G6PD	G6PD_Surabaya	5.4784e-06	0.0	0.0	0.0	3.64857e-05	0.0	0.000140017	0.0	0.0	0.0	0.0	0.0	0.0	0.0	0.0	0.0	0.0	0.0	0.0	0.0	1.48644e-05	0.0	0.0	0.0	0.0	0.0	0.0	0.0	0.0	0.0	0.0	0.0	0.0	3.64857e-05	5.44891e-06	0.0	0.0	0.0	182535	13113	10044	3069	27408	20266	7142	7448	4888	2560	13851	9322	122	2887	4529	10842	115260	15987	10374	5613	67275	81150	1964	194	49904	31246	30443	22409	7000	19140	4516	2920	1596	27408	183523	19062	7542	11520
chr19:38946168C>T	rs193922770	RYR1	RYR1_c.1654C>T	3.97668e-06	0.0	0.0	0.0	2.89084e-05	4.9334e-05	0.0	0.0	0.0	0.0	0.0	0.0	0.0	0.0	0.0	0.0	8.65351e-06	0.0	0.0	0.0	0.0	0.0	0.0	0.0	0.0	0.0	0.0	0.0	0.0	0.0	0.0	0.0	0.0	2.89084e-05	3.97621e-06	0.0	0.0	0.0	251466	16250	10068	6182	34592	20270	14322	10080	4900	5180	18394	9328	152	3818	9066	14424	115560	21644	10370	11274	135906	113750	2670	242	50152	63598	42212	30992	11500	26134	6140	2928	3212	34592	251496	30616	7544	23072
chrX:153762683G>A		G6PD	G6PD_Volendam																																																																												
chrX:153764178G>A	rs138687036	G6PD	G6PD_Ube Konan	2.18613e-05	7.62428e-05	9.94431e-05	0.0	7.29767e-05	4.93437e-05	0.000140056	0.0	0.0	0.0	7.22022e-05	0.000107296	0.00819672	0.0	0.0	0.0	2.59979e-05	0.0	0.0	0.0	1.47977e-05	0.0	0.0	0.0	0.0	0.0	0.0	0.0	0.0	0.0	0.0	0.0	0.0	7.62428e-05	2.17946e-05	0.0	0.0	0.0	182972	13116	10056	3060	27406	20266	7140	7482	4900	2582	13850	9320	122	2886	4530	10842	115394	15947	10366	5581	67578	81603	1907	193	50024	31579	30788	22567	7019	19129	4518	2918	1600	13116	183532	19050	7544	11506
chr2:234669619C>A	rs35350960	UGT1A1	UGT1A1_*27	0.00147978	6.15157e-05	9.93049e-05	0.0	8.67253e-05	9.8668e-05	6.98227e-05	0.0	0.0	0.0	0.0192998	0.0185463	0.00657895	0.012572	0.020075	0.0212146	0.0015411	0.0	0.0	0.0	0.00142767	8.79802e-06	0.0	0.0	0.0	1.57297e-05	0.0	0.0	0.0	3.82643e-05	0.000488599	0.00068306	0.000311333	0.0192998	0.00148312	0.000293964	0.0	0.000390083	251388	16256	10070	6186	34592	20270	14322	10080	4900	5180	18394	9328	152	3818	9066	14424	115502	21648	10374	11274	135886	113662	2670	242	50088	63574	42130	30982	11504	26134	6140	2928	3212	18394	251496	30616	7544	23072
chr19:41510282A>G	rs12721655	CYP2B6	CYP2B6_*8,CYP2B6_*13	0.00232778	0.000861963	0.000596184	0.00129492	0.00104112	0.00113502	0.000908202	0.0	0.0	0.0	0.0	0.0	0.0	0.0	0.0	0.0	0.00246796	0.000600906	0.000868223	0.000354988	0.00220861	0.00427606	0.00262172	0.0	0.00467047	0.00396513	0.00486035	0.00436018	0.00191504	0.00448001	0.00260671	0.00307587	0.00217933	0.00427606	0.00233009	0.000653552	0.000530504	0.000693782	251312	16242	10064	6178	34578	20264	14314	10074	4894	5180	18388	9324	152	3812	9064	14424	115480	21634	10366	11268	135832	113656	2670	242	50102	63554	42178	30962	11488	26116	6138	2926	3212	113656	251492	30602	7540	23062
chr19:38990615G>A	rs193922809	RYR1	RYR1_c.7282G>A	1.1935e-05	0.0	0.0	0.0	0.0	0.0	0.0	0.0	0.0	0.0	0.0	0.0	0.0	0.0	0.0	0.0	8.65906e-06	0.0	0.0	0.0	1.47193e-05	8.7974e-06	0.0	0.0	0.0	1.57287e-05	0.0	3.22977e-05	0.0	0.0	0.00016292	0.0	0.000311333	3.26627e-05	1.19286e-05	3.26627e-05	0.000132556	0.0	251362	16254	10068	6186	34580	20264	14316	10074	4896	5178	18392	9326	152	3818	9066	14422	115486	21638	10370	11268	135876	113670	2670	240	50092	63578	42162	30962	11504	26132	6138	2926	3212	30616	251496	30616	7544	23072
chrX:153760843G>C		G6PD	G6PD_Suwalki																																																																												
chrX:153760913T>C	rs137852320	G6PD	G6PD_Iowa, Walter Reed, Springfield																																																																												
chr10:96709040del	rs386621785	CYP2C9	CYP2C9_*6																																																																												
chrX:153763459G>A		G6PD	G6PD_Belem																																																																												
chrX:153763485A>C	rs78365220	G6PD	G6PD_Salerno Pyrgos	5.4531e-06	0.0	0.0	0.0	0.0	0.0	0.0	0.0	0.0	0.0	0.0	0.0	0.0	0.0	0.0	0.0	8.65891e-06	0.0	0.0	0.0	0.0	0.0	0.0	0.0	0.0	0.0	0.0	0.0	0.0	0.0	0.000220556	0.00034153	0.0		5.44867e-06	0.0	0.0	0.0	183382	13154	10062	3092	27424	20266	7158	7484	4898	2586	13859	9326	122	2887	4533	10850	115488	16006	10374	5632	67894	81841	1981	195	50090	31751	30813	22650	7043	19159	4534	2928	1606		183531	19080	7544	11536
chr6:18149357A>G	rs267607275	TPMT	TPMT_*29	2.38644e-05	0.0	0.0	0.0	0.0	0.0	0.0	0.0	0.0	0.0	0.000326193	0.000321612	0.0	0.0	0.000330907	0.000415973	2.59664e-05	0.0	0.0	0.0	2.20773e-05	0.0	0.0	0.0	0.0	0.0	0.0	0.0	0.0	0.0	0.0	0.0	0.0	0.000326193	2.38572e-05	0.0	0.0	0.0	251420	16256	10070	6186	34590	20270	14320	10080	4900	5180	18394	9328	152	3818	9066	14424	115534	21626	10356	11270	135886	113726	2668	242	50142	63584	42200	30984	11498	26134	6136	2926	3210	18394	251496	30612	7542	23070
chr19:38985205G>A	rs118192163	RYR1	RYR1_c.6488G>A	0.0	0.0	0.0	0.0	0.0	0.0	0.0	0.0	0.0	0.0	0.0	0.0	0.0	0.0	0.0	0.0	0.0	0.0	0.0	0.0	0.0	0.0	0.0	0.0	0.0	0.0	0.0	0.0	0.0	0.0	0.0	0.0	0.0		3.97633e-06	0.0	0.0	0.0	250392	16226	10042	6184	34580	20260	14320	10054	4882	5172	18364	9304	152	3818	9060	14394	114872	21594	10346	11248	135520	112834	2668	236	49576	63258	41526	30818	11468	26118	6128	2920	3208		251488	30612	7542	23070
chr19:38986923C>T	rs118192177	RYR1	RYR1_c.6617C>T	1.99026e-05	0.0	0.0	0.0	0.0	0.0	0.0	0.0	0.0	0.0	5.43774e-05	0.000107227	0.0	0.0	0.0	6.93385e-05	2.59893e-05	0.0	0.0	0.0	1.47284e-05	3.51859e-05	0.0	0.0	3.99281e-05	3.14505e-05	4.73956e-05	0.0	8.69414e-05	3.82731e-05	0.0	0.0	0.0	5.43774e-05	2.38572e-05	0.0	0.0	0.0	251224	16246	10060	6186	34588	20266	14322	10078	4900	5178	18390	9326	150	3818	9064	14422	115432	21490	10324	11166	135792	113682	2668	240	50090	63592	42198	30946	11502	26128	6134	2922	3212	18390	251496	30616	7544	23072
chr1:98039341A>C	rs186169810	DPYD	DPYD_c.1314T>G	7.16777e-05	0.0	0.0	0.0	0.0	0.0	0.0	0.0	0.0	0.0	0.000978793	0.000965251	0.0	0.0	0.00099272	0.00124792	7.79991e-05	0.0	0.0	0.0	6.63042e-05	0.0	0.0	0.0	0.0	0.0	0.0	0.0	0.0	0.0	0.0	0.0	0.0	0.000978793	7.15723e-05	0.0	0.0	0.0	251124	16254	10070	6184	34584	20266	14318	10072	4898	5174	18390	9324	152	3814	9066	14424	115386	21646	10372	11274	135738	113440	2668	240	49986	63454	42048	30876	11478	26130	6130	2926	3204	18390	251494	30608	7544	23064
chr19:15990431C>T	rs2108622	CYP4F2	CYP4F2_*3	0.273144	0.0966412	0.098709	0.0932751	0.228556	0.224383	0.23446	0.345413	0.348367	0.342614	0.249157	0.251501	0.263158	0.328789	0.246745	0.227953	0.257916	0.19744	0.201986	0.193256	0.286095	0.289107	0.290262	0.297521	0.282295	0.294479	0.298526	0.291742	0.352905	0.242519	0.294847	0.288646	0.300499	0.397772	0.273189	0.397772	0.412646	0.392907	251380	16256	10070	6186	34578	20260	14318	10072	4900	5172	18390	9328	152	3814	9062	14424	115530	21642	10372	11270	135850	113702	2670	242	50132	63570	42184	30976	11496	26134	6132	2924	3208	30608	251496	30608	7544	23064
chrX:153761830C>G		G6PD	G6PD_Bangkok																																																																												
chrX:153764247C>T	rs137852315	G6PD	G6PD_Metaponto																																																																												
chrX:153761279C>T		G6PD	G6PD_Ludhiana																																																																												
chr19:39075629T>C	rs118192170	RYR1	RYR1_c.14693T>C																																																																												
chr6:18139228C>T	rs1800460	TPMT	TPMT_*3A,TPMT_*3B	0.0280397	0.00713758	0.00715279	0.00711284	0.042576	0.0438068	0.0408334	0.0127976	0.0134694	0.0121622	0.000217462	0.000428816	0.0	0.0	0.0	0.000277316	0.0296883	0.0271157	0.0269906	0.0272308	0.0266381	0.0384203	0.0209738	0.0454545	0.0400072	0.0371693	0.0432031	0.0348214	0.0214025	0.0441638	0.0267362	0.0235817	0.0296135	0.042576	0.0280961	0.00682783	0.00609918	0.00706607	251358	16252	10066	6186	34550	20248	14302	10080	4900	5180	18394	9328	152	3818	9066	14424	115500	21648	10374	11274	135858	113690	2670	242	50116	63574	42196	30958	11494	26130	6134	2926	3208	34550	251494	30610	7542	23068
chrX:153761822G>A	null	G6PD	G6PD_Wexham																																																																												
chr19:39071010C>G	rs193922878	RYR1	RYR1_c.14512C>G																																																																												
chrX:153763395C>T	rs782487723	G6PD	G6PD_Shenzen																																																																												
chrX:153761244A>G	rs137852347	G6PD	G6PD_Rehevot																																																																												
chr2:234668879_234668880insTA	rs143939460	UGT1A1	UGT1A1_*28																																																																												
chr1:97839154C>T	rs137999090	DPYD	DPYD_c.2021G>A																																																																												
chr1:97915743C>T	rs145773863	DPYD	DPYD_c.1777G>A	3.98187e-06	0.0	0.0	0.0	0.0	0.0	0.0	0.0	0.0	0.0	0.0	0.0	0.0	0.0	0.0	0.0	8.66446e-06	0.0	0.0	0.0	0.0	8.80623e-06	0.0	0.0	1.99752e-05	0.0	2.37485e-05	0.0	0.0	0.0	0.0	0.0	0.0	8.80623e-06	3.9763e-06	0.0	0.0	0.0	251138	16256	10070	6186	34500	20238	14262	10076	4898	5178	18388	9324	152	3812	9064	14424	115414	21632	10360	11272	135724	113556	2668	242	50062	63494	42108	30930	11496	26112	6124	2918	3206	113556	251490	30606	7544	23062
chr10:96702047C>T	rs1799853	CYP2C9	CYP2C9_*2	0.092016	0.0222742	0.0228401	0.0213523	0.0680252	0.0678519	0.0682708	0.13557	0.128676	0.142085	0.000435587	0.000322027	0.0	0.000527704	0.000552486	0.000415973	0.0896918	0.113729	0.11365	0.113802	0.0939926	0.127562	0.13081	0.0875	0.126073	0.128736	0.130438	0.12706	0.14231	0.117069	0.105675	0.103354	0.107788	0.127562	0.091995	0.0467403	0.0428155	0.0480236	251228	16252	10070	6182	34546	20250	14296	10076	4896	5180	18366	9316	152	3790	9050	14424	115462	21648	10374	11274	135766	113592	2668	240	50090	63502	42112	30946	11496	26130	6132	2922	3210	113592	251492	30616	7544	23072
chrX:153762307T>C		G6PD	G6PD_Durham																																																																												
chr19:38934851C>T	rs118192161	RYR1	RYR1_c.487C>T																																																																												
chrX:153760493T>A		G6PD	G6PD_Amiens																																																																												
chrX:153763489C>A		G6PD	G6PD_Crispim																																																																												
chrX:153760607A>T		G6PD	G6PD_Harima																																																																												
chrX:153760876T>C		G6PD	G6PD_Anadia																																																																												
chr19:38948185C>T	rs118192172	RYR1	RYR1_c.1840C>T	8.74765e-05	0.0	0.0	0.0	0.0	0.0	0.0	0.0	0.0	0.0	5.43656e-05	0.0	0.0	0.0	0.000110302	6.93289e-05	9.51771e-05	9.23873e-05	0.0	0.000177399	8.09288e-05	0.000158214	0.0	0.0	0.000219298	0.000110046	0.000189475	0.000290341	0.0	3.82643e-05	0.000162866	0.0	0.000311333	0.000158214	8.74765e-05	0.0	0.0	0.0	251496	16256	10070	6186	34592	20270	14322	10080	4900	5180	18394	9328	152	3818	9066	14424	115574	21648	10374	11274	135922	113770	2670	242	50160	63610	42222	30998	11504	26134	6140	2928	3212	113770	251496	30616	7544	23072
chrX:153760484C>G	rs72554665	G6PD	G6PD_Cosenza	1.09928e-05	0.0	0.0	0.0	0.0	0.0	0.0	0.0	0.0	0.0	0.0	0.0	0.0	0.0	0.0	0.0	1.73723e-05	0.0	0.0	0.0	0.0	1.23422e-05	0.0	0.0	2.00626e-05	0.0	0.0	0.0	0.000143781	0.0	0.000222519	0.000342936	0.0	1.23422e-05	1.08976e-05	0.0	0.0	0.0	181938	13017	10006	3011	27346	20248	7098	7443	4890	2553	13802	9310	121	2886	4492	10795	115126	15880	10370	5510	66812	81023	1900	186	49844	31179	30627	22330	6955	19025	4494	2916	1578	81023	183527	18933	7542	11391
chrX:153760301C>T		G6PD	G6PD_Fukaya																																																																												
chrX:153761811C>A	rs137852318	G6PD	G6PD_Bajo Maumere																																																																												
chr1:98015165G>A	rs72549304	DPYD	DPYD_c.1475C>T	4.38156e-05	0.000307617	0.00019861	0.000485123	0.0	0.0	0.0	0.0	0.0	0.0	0.0	0.0	0.0	0.0	0.0	0.0	2.60028e-05	0.0	0.0	0.0	5.89623e-05	0.0	0.0	0.0	0.0	0.0	0.0	0.0	0.0	0.0	0.0	0.0	0.0	0.000307617	4.37393e-05	0.000195989	0.000132556	0.000216732	251052	16254	10070	6184	34540	20250	14290	10068	4892	5176	18364	9312	152	3788	9052	14424	115372	21640	10368	11272	135680	113448	2668	242	50014	63434	42038	30910	11472	26118	6124	2922	3202	16254	251490	30614	7544	23070
chr1:201061121G>A	rs772226819	CACNA1S	CACNA1S_c.520C>T	2.78483e-05	0.0	0.0	0.0	5.78269e-05	4.93389e-05	6.98422e-05	0.0	0.0	0.0	0.000108731	0.000107204	0.0	0.000523834	0.000110302	0.0	2.59731e-05	0.0	0.0	0.0	2.94425e-05	1.75939e-05	0.0	0.0	1.99553e-05	1.57322e-05	2.37102e-05	0.0	0.0	3.82878e-05	0.0	0.0	0.0	0.000108731	3.18097e-05	3.26691e-05	0.0	4.33463e-05	251362	16252	10066	6186	34586	20268	14318	10074	4900	5174	18394	9328	152	3818	9066	14424	115504	21640	10368	11272	135858	113676	2670	242	50112	63564	42176	30976	11494	26118	6130	2922	3208	18394	251496	30610	7540	23070
chr1:97544677T>C	rs72547601	DPYD	DPYD_c.2933A>G																																																																												
chrX:153760891C>T	rs137852316	G6PD	G6PD_Nashville, Anaheim, Portici																																																																												
chr1:98165030T>C	rs115232898	DPYD	DPYD_c.557A>G	0.00166117	0.0230154	0.0224474	0.0239405	0.000781612	0.00113614	0.00027972	0.0	0.0	0.0	5.43715e-05	0.0	0.0	0.0	0.000110302	6.93289e-05	0.00221043	0.0	0.0	0.0	0.00119411	5.28709e-05	0.0	0.0	5.99616e-05	4.72798e-05	0.0	3.23834e-05	0.000348675	3.82673e-05	0.00130804	0.00102669	0.00156544	0.0230154	0.00165813	3.26883e-05	0.0	4.33839e-05	251028	16250	10068	6182	34544	20244	14300	10050	4888	5162	18392	9326	152	3816	9066	14424	115362	21600	10340	11260	135666	113484	2668	242	50032	63452	42090	30880	11472	26132	6116	2922	3194	16250	251488	30592	7542	23050
chrX:153764217C>T	rs1050828	G6PD	G6PD_202G>A_376A>G_1264C>G,G6PD_Hechi,G6PD_A- 202A_376G,G6PD_Asahi	0.009061	0.115672	0.116034	0.114481	0.00401138	0.00414406	0.00363535	0.0	0.0	0.0	0.0	0.0	0.0	0.0	0.0	0.0	0.0110041	0.0	0.0	0.0	0.00575128	0.000183311	0.0	0.0	0.000199609	0.00015758	0.000194717	8.83119e-05	0.00085191	5.2203e-05	0.00220946	0.00239398	0.00187266	0.115672	0.00908878	0.000366953	0.000265111	0.000433576	183313	13132	10066	3066	27422	20270	7152	7487	4898	2589	13860	9328	122	2887	4532	10851	115502	15982	10374	5608	67811	81828	1973	195	50098	31730	30814	22647	7043	19156	4526	2924	1602	13132	183523	19076	7544	11532
chr19:38985219G>A	rs118192176	RYR1	RYR1_c.6502G>A																																																																												
chr1:201029943C>T	rs1800559	CACNA1S	CACNA1S_c.3257G>A	3.97709e-06	0.0	0.0	0.0	2.89084e-05	4.9334e-05	0.0	0.0	0.0	0.0	0.0	0.0	0.0	0.0	0.0	0.0	8.65516e-06	0.0	0.0	0.0	0.0	0.0	0.0	0.0	0.0	0.0	0.0	0.0	0.0	0.0	0.0	0.0	0.0	2.89084e-05	3.97621e-06	0.0	0.0	0.0	251440	16256	10070	6186	34592	20270	14322	10078	4898	5180	18394	9328	152	3818	9066	14424	115538	21648	10374	11274	135902	113716	2670	242	50126	63590	42174	30994	11502	26134	6140	2928	3212	34592	251496	30616	7544	23072
chrX:153763405G>C		G6PD	G6PD_Acrokorinthos																																																																												
chrX:153761287C>G		G6PD	G6PD_Omiya																																																																												
chrX:153762680A>G	rs137852343	G6PD	G6PD_Nankang	1.09387e-05	0.0	0.0	0.0	0.0	0.0	0.0	0.0	0.0	0.0	0.0001443	0.000214408	0.0	0.0	0.0	0.000184315	1.73259e-05	0.0	0.0	0.0	0.0	0.0	0.0	0.0	0.0	0.0	0.0	0.0	0.0	0.0	0.0	0.0	0.0	0.0001443	1.08973e-05	0.0	0.0	0.0	182837	13155	10066	3089	27412	20262	7150	7474	4896	2578	13860	9328	122	2887	4532	10851	115434	15760	10358	5402	67403	81579	1979	195	50060	31519	30630	22594	7029	19152	4523	2922	1601	13860	183531	19074	7542	11532
chrX:153763476C>A	rs137852341	G6PD	G6PD_Quing Yan	7.63484e-05	0.0	0.0	0.0	0.0	0.0	0.0	0.0	0.0	0.0	0.00101017	0.00128673	0.0	0.0	0.000441209	0.00129032	0.000103925	0.0	0.0	0.0	2.94542e-05	0.0	0.0	0.0	0.0	0.0	0.0	0.0	0.0	0.0	0.0	0.0	0.0	0.00101017	7.6281e-05	0.0	0.0	0.0	183370	13155	10064	3091	27424	20266	7158	7486	4898	2588	13859	9326	122	2887	4533	10850	115468	16010	10374	5636	67902	81825	1982	195	50070	31755	30810	22641	7042	19155	4531	2926	1605	13859	183532	19080	7544	11536
chr1:97564172C>A	rs55674432	DPYD	DPYD_c.2639G>T	9.19323e-05	0.0	0.0	0.0	0.0	0.0	0.0	0.0	0.0	0.0	0.0	0.0	0.0	0.0	0.0	0.0	5.21667e-05	0.0	0.0	0.0	0.000125769	0.0	0.0	0.0	0.0	0.0	0.0	0.0	0.0	0.0	0.0	0.0	0.0	0.000751831	9.14738e-05	0.000751831	0.00079639	0.000737271	250184	16234	10052	6182	34470	20226	14244	10048	4886	5162	18330	9294	152	3762	9036	14416	115016	21582	10342	11240	135168	112832	2666	238	49774	63058	41774	30672	11430	26052	6096	2908	3188	30592	251438	30592	7534	23058
chr10:96707539C>A	rs72558190	CYP2C9	CYP2C9_*15																																																																												
chrX:153760473G>A	rs1557229502	G6PD	G6PD_Kamiube, Keelung	5.48661e-06	0.0	0.0	0.0	0.0	0.0	0.0	0.0	0.0	0.0	0.0	0.0	0.0	0.0	0.0	0.0	0.0	0.0	0.0	0.0	1.49071e-05	0.0	0.0	0.0	0.0	0.0	0.0	0.0	0.0	0.0	0.000222668	0.0	0.000633312		5.4487e-06	0.0	0.0	0.0	182262	13034	10016	3018	27362	20252	7110	7450	4894	2556	13813	9306	122	2887	4507	10804	115180	15925	10370	5555	67082	81223	1912	183	49886	31337	30669	22402	6981	19076	4491	2912	1579		183530	18964	7544	11420
chr19:39070734C>T	rs121918595	RYR1	RYR1_c.14477C>T	3.9781e-06	0.0	0.0	0.0	0.0	0.0	0.0	0.0	0.0	0.0	0.0	0.0	0.0	0.0	0.0	0.0	0.0	0.0	0.0	0.0	7.35933e-06	8.79802e-06	0.0	0.0	0.0	1.57307e-05	2.37394e-05	0.0	0.0	0.0	0.0	0.0	0.0	8.79802e-06	3.97621e-06	0.0	0.0	0.0	251376	16254	10068	6186	34590	20268	14322	10080	4900	5180	18394	9328	152	3818	9066	14424	115494	21644	10370	11274	135882	113662	2670	242	50092	63570	42124	30988	11504	26134	6138	2926	3212	113662	251496	30614	7542	23072
chrX:153760805G>C		G6PD	G6PD_202G>A_376A>G_1264C>G																																																																												
chr19:39002961G>A	rs193922832	RYR1	RYR1_c.9310G>A	3.9782e-06	0.0	0.0	0.0	0.0	0.0	0.0	0.0	0.0	0.0	0.0	0.0	0.0	0.0	0.0	0.0	8.65846e-06	0.0	0.0	0.0	0.0	0.0	0.0	0.0	0.0	0.0	0.0	0.0	0.0	0.0	0.0	0.0	0.0	3.26627e-05	3.97621e-06	3.26627e-05	0.000132556	0.0	251370	16250	10066	6184	34584	20264	14320	10078	4900	5178	18394	9328	152	3818	9066	14424	115494	21628	10364	11264	135876	113686	2670	242	50104	63582	42172	30968	11500	26134	6134	2924	3210	30616	251496	30616	7544	23072
chr19:39034472G>T	rs193922843	RYR1	RYR1_c.11969G>T																																																																												
chrX:153763493C>A		G6PD	G6PD_Crispim																																																																												
chrX:153763516A>G		G6PD	G6PD_Bao Loc																																																																												
chr13:48619855C>T	rs116855232	NUDT15	NUDT15_*2,NUDT15_*3	0.0282476	0.000993542	0.00110464	0.000813537	0.0599577	0.0629448	0.0557365	0.00357995	0.00285948	0.00426357	0.10542	0.106948	0.0789474	0.119651	0.10385	0.101904	0.0284089	0.0232278	0.0219366	0.0244141	0.0281108	0.0034759	0.00786517	0.0123967	0.00350421	0.0034536	0.00198006	0.00307443	0.00295858	0.00604669	0.021875	0.0224293	0.0213702	0.10542	0.0290118	0.0666139	0.070737	0.0652744	249720	16104	9958	6146	34074	19954	14120	10056	4896	5160	18118	9182	152	3786	8936	14180	114612	21612	10348	11264	135108	113352	2670	242	49940	63412	41918	30900	11492	26130	6080	2898	3182	18118	251484	30324	7436	22888
chr1:98157332G>A	rs1801266	DPYD	DPYD_*8	7.95887e-05	0.0	0.0	0.0	0.0	0.0	0.0	0.0	0.0	0.0	5.43656e-05	0.0	0.0	0.0	0.000110302	6.93289e-05	3.46398e-05	4.62364e-05	0.0	8.87784e-05	0.000117805	8.80049e-05	0.0	0.0	5.9885e-05	0.000110177	7.1171e-05	0.000129282	0.0	0.000114811	0.0	0.0	0.0	0.000261335	8.74807e-05	0.000261335	0.000132556	0.000303451	251292	16238	10052	6186	34590	20270	14320	10076	4900	5176	18394	9328	152	3818	9066	14424	115474	21628	10364	11264	135818	113630	2670	240	50096	63534	42152	30940	11498	26130	6124	2920	3204	30612	251484	30612	7544	23068
chrX:153761849C>T	rs137852346	G6PD	G6PD_Aveiro																																																																												
chr19:39070644A>G	rs118192167	RYR1	RYR1_c.14387A>G																																																																												
chr19:38991295G>A	rs121918594	RYR1	RYR1_c.7373G>A	7.96058e-06	0.0	0.0	0.0	0.0	0.0	0.0	0.0	0.0	0.0	5.4401e-05	0.000107342	0.0	0.0	0.0	6.93866e-05	8.66867e-06	0.0	0.0	0.0	7.35943e-06	8.8039e-06	0.0	0.0	0.0	1.57277e-05	2.37192e-05	0.0	0.0	0.0	0.0	0.0	0.0	5.4401e-05	1.19286e-05	0.0	0.0	0.0	251238	16232	10048	6184	34578	20260	14318	10070	4896	5174	18382	9316	152	3818	9066	14412	115358	21644	10372	11272	135880	113586	2664	236	50004	63582	42160	30908	11494	26124	6130	2918	3212	18382	251496	30616	7544	23072
chr1:97770835G>A	rs112766203	DPYD	DPYD_c.2279C>T	0.00065801	0.0	0.0	0.0	0.0	0.0	0.0	0.0	0.0	0.0	0.0	0.0	0.0	0.0	0.0	0.0	0.000381772	0.0	0.0	0.0	0.000892963	0.0	0.0	0.0	0.0	0.0	0.0	0.0	0.0	0.0	0.000163239	0.000341997	0.0	0.00535738	0.0006561	0.00535738	0.00569989	0.00524536	250756	16244	10064	6180	34476	20216	14260	10056	4886	5170	18352	9304	152	3776	9048	14424	115252	21646	10372	11274	135504	113244	2668	242	49942	63302	41906	30840	11464	26124	6126	2924	3202	30612	251486	30612	7544	23068
chr19:41512918T>C	rs36079186	CYP2B6	CYP2B6_*35	0.000310196	0.00159961	0.00158919	0.00161655	0.000202359	9.8668e-05	0.000349113	0.0	0.0	0.0	0.0	0.0	0.0	0.0	0.0	0.0	0.000311543	0.0	0.0	0.0	0.000309051	2.63769e-05	0.0	0.0	3.98867e-05	1.57248e-05	4.73979e-05	3.22664e-05	0.0	0.0	0.000325839	0.00034153	0.000311526	0.00159961	0.000310149	0.00130668	0.00198834	0.00108375	251454	16254	10068	6186	34592	20270	14322	10080	4900	5180	18394	9328	152	3818	9066	14424	115554	21648	10374	11274	135900	113736	2670	242	50142	63594	42196	30992	11502	26134	6138	2928	3210	16254	251492	30612	7544	23068
chr19:38934852G>T	rs193922753	RYR1	RYR1_c.488G>A																																																																												
chrX:153761204G>T	rs1557229854	G6PD	G6PD_Fushan	5.47211e-06	0.0	0.0	0.0	0.0	0.0	0.0	0.0	0.0	0.0	7.21813e-05	0.000107273	0.0	0.0	0.0	9.21999e-05	8.67303e-06	0.0	0.0	0.0	0.0	0.0	0.0	0.0	0.0	0.0	0.0	0.0	0.0	0.0	0.0	0.0	0.0	7.21813e-05	5.44876e-06	0.0	0.0	0.0	182745	13145	10058	3087	27404	20258	7146	7463	4894	2569	13854	9322	121	2887	4532	10846	115300	15990	10370	5620	67445	81301	1971	192	49932	31369	30482	22503	7016	19137	4518	2922	1596	13854	183528	19070	7544	11526
chr1:97544627C>A	rs1801268	DPYD	DPYD_*10																																																																												
chr10:96740981C>T	rs28371685	CYP2C9	CYP2C9_*11	0.00358775	0.0203667	0.0196663	0.0215071	0.00196999	0.00167951	0.00238195	0.0	0.0	0.0	5.4401e-05	0.000107273	0.0	0.0	0.0	6.93289e-05	0.00383816	0.00549755	0.00549451	0.00550035	0.00337479	0.00260742	0.00112444	0.0	0.00275735	0.00248921	0.00335124	0.00245716	0.00217808	0.00195178	0.00163132	0.00102599	0.00218341	0.0203667	0.00358259	0.00248269	0.00159067	0.00277441	251132	16252	10068	6184	34518	20244	14274	10070	4896	5174	18382	9322	152	3806	9060	14424	115420	21646	10374	11272	135712	113522	2668	242	50048	63474	42074	30930	11478	26130	6130	2924	3206	16252	251494	30612	7544	23068
chrX:153760604C>T	rs137852324	G6PD	G6PD_Andalus	5.49414e-06	0.0	0.0	0.0	0.0	0.0	0.0	0.0	0.0	0.0	7.23327e-05	0.0	0.0	0.0	0.000221484	9.24129e-05	0.0	0.0	0.0	0.0	1.49049e-05	0.0	0.0	0.0	0.0	0.0	0.0	0.0	0.0	0.0	0.0	0.0	0.0	7.23327e-05	1.08978e-05	0.0	0.0	0.0	182012	12997	9978	3019	27381	20248	7133	7436	4882	2554	13825	9310	117	2887	4515	10821	114920	15949	10362	5587	67092	80881	1811	181	49688	31193	30513	22309	6982	19085	4499	2910	1589	13825	183523	19044	7542	11502
chrX:153761829G>A		G6PD	G6PD_Sugao																																																																												
chr12:21329738A>G	rs2306283	SLCO1B1	SLCO1B1_*15	0.473714	0.775621	0.77519	0.77632	0.432742	0.435833	0.428361	0.45008	0.455888	0.444595	0.75136	0.751394	0.651316	0.727416	0.751325	0.758735	0.482271	0.451087	0.445904	0.455854	0.466447	0.403776	0.438017	0.37395	0.399827	0.406882	0.395497	0.410955	0.431902	0.393044	0.467006	0.473503	0.46108	0.775621	0.47333	0.476349	0.498672	0.469051	250172	16178	10004	6174	34524	20244	14280	10036	4874	5162	18384	9328	152	3808	9056	14424	114894	21610	10352	11258	135278	112778	2662	238	49654	63124	41750	30670	11410	26048	6092	2906	3186	16178	251402	30570	7532	23038
chrX:153760472C>T	rs72554664	G6PD	G6PD_Kaiping, Anant, Dhon, Sapporo-like, Wosera	0.00055433	0.0	0.0	0.0	0.0	0.0	0.0	0.0	0.0	0.0	0.00717235	0.00730711	0.0	0.0	0.00689348	0.00917176	0.000599094	0.0	0.0	0.0	0.000477412	0.0	0.0	0.0	0.0	0.0	0.0	0.0	0.0	0.0	0.000222767	0.0	0.000634115	0.00717235	0.000561222	5.27621e-05	0.000132591	0.0	182202	13036	10018	3018	27368	20254	7114	7449	4892	2557	13803	9306	122	2887	4497	10794	115174	15921	10372	5549	67028	81183	1914	183	49878	31305	30660	22392	6973	19061	4489	2912	1577	13803	183528	18953	7542	11411
chrX:153760894A>G		G6PD	G6PD_Krakow																																																																												
chr10:96748777C>T	rs9332239	CYP2C9	CYP2C9_*12	0.00173882	0.000369185	0.000595829	0.0	0.00130291	0.00118507	0.00146997	0.000396904	0.000408163	0.00038625	0.0	0.0	0.0	0.0	0.0	0.0	0.0018615	0.00175552	0.00202429	0.00150816	0.00163449	0.0028593	0.00187406	0.0	0.00301373	0.00273757	0.00232448	0.00251905	0.00269659	0.00432387	0.00211933	0.00307377	0.00124766	0.0028593	0.00173764	0.000195976	0.000265111	0.00017337	251320	16252	10070	6182	34538	20252	14286	10078	4900	5178	18392	9326	152	3816	9066	14424	115498	21646	10374	11272	135822	113664	2668	242	50104	63560	42160	30964	11496	26134	6134	2928	3206	113664	251490	30616	7544	23072
chrX:153764384C>T		G6PD	G6PD_Rignano																																																																												
chr1:97915745C>T	rs138616379	DPYD	DPYD_c.1775G>A	1.59307e-05	0.000123047	0.000198649	0.0	0.0	0.0	0.0	0.0	0.0	0.0	0.0	0.0	0.0	0.0	0.0	0.0	3.46681e-05	0.0	0.0	0.0	0.0	1.7619e-05	0.0	0.0	3.9968e-05	0.0	2.37586e-05	3.23436e-05	0.0	0.0	0.0	0.0	0.0	0.000123047	1.98815e-05	0.0	0.0	0.0	251088	16254	10068	6186	34508	20240	14268	10078	4898	5180	18386	9322	152	3810	9064	14424	115380	21622	10354	11268	135708	113514	2668	242	50040	63474	42090	30918	11492	26104	6120	2914	3206	16254	251490	30606	7544	23062
